prob,algo,run,err
F1,PSO,0,3.039321584906073
F1,PSO,1,1.3340792594305102
F1,PSO,2,0.2291976212826293
F1,PSO,3,0.44671457848428753
F1,PSO,4,1.0201336092040758
F1,PSO,5,1.247121738472412
F1,PSO,6,0.8060265605180607
F1,PSO,7,0.5672019975750955
F1,PSO,8,0.23785181545673525
F1,PSO,9,0.18497589023148542
F1,PSO,10,0.7142176433138767
F1,PSO,11,0.23750991529926474
F1,PSO,12,0.8336516898404723
F1,PSO,13,1.0576789745369821
F1,PSO,14,0.31707793670541734
F1,PSO,15,1.4116532359411313
F1,PSO,16,0.4955777021955194
F1,PSO,17,0.11662616578623693
F1,PSO,18,0.8693449408017373
F1,PSO,19,0.2682323782765793
F1,PSO,20,0.17364366527141553
F1,PSO,21,0.23872497377310203
F1,PSO,22,0.36736731553415386
F1,PSO,23,0.9819586351664646
F1,PSO,24,0.6125546141894671
F1,PSO,25,1.434777747242244
F1,PSO,26,0.38893956399428015
F1,PSO,27,0.7040637618451899
F1,PSO,28,0.6929247519028159
F1,PSO,29,0.27791400984786035
F1,GA,0,6.317034458573547
F1,GA,1,3.1889891283740734
F1,GA,2,4.712520478751724
F1,GA,3,7.7240643144139
F1,GA,4,4.05900192156199
F1,GA,5,4.743973883213878
F1,GA,6,4.971294713020995
F1,GA,7,5.992944831193883
F1,GA,8,5.253227840652386
F1,GA,9,5.014996780461418
F1,GA,10,3.956617370291721
F1,GA,11,5.983091610898174
F1,GA,12,3.018948197166217
F1,GA,13,4.441244399276779
F1,GA,14,6.232031606718211
F1,GA,15,3.496972112016335
F1,GA,16,2.695213971389292
F1,GA,17,5.464411647730747
F1,GA,18,9.707730350888925
F1,GA,19,2.8975674232745208
F1,GA,20,3.923742652211445
F1,GA,21,5.079602049065066
F1,GA,22,2.0831808438780555
F1,GA,23,6.411384983567985
F1,GA,24,4.501446102411542
F1,GA,25,2.676572924392416
F1,GA,26,3.1877518423824003
F1,GA,27,4.634042826645865
F1,GA,28,3.6218867340909555
F1,GA,29,4.284363458557788
F1,DRTO,0,9.745957970205322e-11
F1,DRTO,1,1.1857951340634536e-10
F1,DRTO,2,1.104137040886657e-10
F1,DRTO,3,1.1559212576784395e-10
F1,DRTO,4,1.011330775122025e-10
F1,DRTO,5,7.649728902084235e-11
F1,DRTO,6,9.560781997276478e-11
F1,DRTO,7,8.35862652307162e-11
F1,DRTO,8,1.0997111763280896e-10
F1,DRTO,9,9.08641931257968e-11
F1,DRTO,10,7.784977930444441e-11
F1,DRTO,11,9.334260984103225e-11
F1,DRTO,12,6.327466746848262e-11
F1,DRTO,13,8.774290699997424e-11
F1,DRTO,14,1.2527124701048193e-10
F1,DRTO,15,8.558660311189984e-11
F1,DRTO,16,7.655334433236372e-11
F1,DRTO,17,9.026243284744782e-11
F1,DRTO,18,1.082806791354507e-10
F1,DRTO,19,8.66228637218788e-11
F1,DRTO,20,1.0250758512911178e-10
F1,DRTO,21,8.123321612957992e-11
F1,DRTO,22,1.1134655230601019e-10
F1,DRTO,23,9.928561088198097e-11
F1,DRTO,24,8.906497909649234e-11
F1,DRTO,25,1.0328802756754336e-10
F1,DRTO,26,1.0075543042997287e-10
F1,DRTO,27,6.276215160165581e-11
F1,DRTO,28,1.1049989449842203e-10
F1,DRTO,29,1.3533277286983546e-10
F1,GWO,0,2.917718747518021e-31
F1,GWO,1,5.888794078571051e-32
F1,GWO,2,7.949347670636347e-31
F1,GWO,3,2.5508883442965173e-30
F1,GWO,4,6.347727152393719e-31
F1,GWO,5,1.5348670761736624e-31
F1,GWO,6,4.750485954959179e-31
F1,GWO,7,4.112906661994882e-31
F1,GWO,8,1.1537338289542038e-30
F1,GWO,9,7.550232478676787e-32
F1,GWO,10,7.237062068430713e-32
F1,GWO,11,3.415223287874339e-31
F1,GWO,12,7.41788382898729e-33
F1,GWO,13,6.268840921770129e-31
F1,GWO,14,1.3244830695423847e-31
F1,GWO,15,8.743910471862764e-32
F1,GWO,16,3.8775218010677694e-31
F1,GWO,17,4.132760878445926e-31
F1,GWO,18,1.0699341334110274e-32
F1,GWO,19,1.9804173192231642e-30
F1,GWO,20,1.1755355860143366e-31
F1,GWO,21,4.654016892060496e-32
F1,GWO,22,5.719007068815997e-33
F1,GWO,23,1.8101675638901622e-31
F1,GWO,24,3.506561614360516e-32
F1,GWO,25,2.0728434226959736e-30
F1,GWO,26,6.005862157672803e-32
F1,GWO,27,1.0837693366899955e-31
F1,GWO,28,2.8054784055831034e-30
F1,GWO,29,1.6736644814983812e-32
F1,WOA,0,6.098881414103546e-85
F1,WOA,1,6.9946077427707695e-90
F1,WOA,2,7.246169917825864e-103
F1,WOA,3,1.7211614330637367e-87
F1,WOA,4,1.837014308886873e-83
F1,WOA,5,5.413458848841424e-93
F1,WOA,6,1.7060930586242242e-84
F1,WOA,7,1.0125943296603875e-81
F1,WOA,8,5.848525840050042e-85
F1,WOA,9,1.4215732679211986e-83
F1,WOA,10,1.2690324424772624e-83
F1,WOA,11,1.4842008171321672e-89
F1,WOA,12,2.9560452928575567e-89
F1,WOA,13,1.6096647361454735e-88
F1,WOA,14,6.330674462208788e-94
F1,WOA,15,2.6814790414701177e-84
F1,WOA,16,7.711746385245256e-88
F1,WOA,17,8.019440855828057e-95
F1,WOA,18,1.7169387532312839e-90
F1,WOA,19,4.94155941661395e-81
F1,WOA,20,2.6957294531108956e-87
F1,WOA,21,1.0123267121470282e-88
F1,WOA,22,5.106071623674459e-91
F1,WOA,23,4.2966602627671616e-86
F1,WOA,24,1.3758828919383546e-90
F1,WOA,25,8.155543503904599e-90
F1,WOA,26,1.1665058048128924e-91
F1,WOA,27,1.3492145985655725e-90
F1,WOA,28,2.365654506468059e-88
F1,WOA,29,4.399771395818317e-94
F1,SCA,0,1.2546004479536268
F1,SCA,1,5.579191966460855
F1,SCA,2,7.298256485277162
F1,SCA,3,145.1089647619129
F1,SCA,4,0.6567127583312926
F1,SCA,5,14.060963135951136
F1,SCA,6,12.72561519189548
F1,SCA,7,4.647488242577429
F1,SCA,8,12.341937963405382
F1,SCA,9,85.97349885716689
F1,SCA,10,347.9822052302836
F1,SCA,11,5.771244286157342
F1,SCA,12,7.824485102378463
F1,SCA,13,6.304412301660535
F1,SCA,14,0.18797734703230887
F1,SCA,15,15.953068167362591
F1,SCA,16,0.04481808871165103
F1,SCA,17,0.4658395491362463
F1,SCA,18,0.390825016267732
F1,SCA,19,0.9849867970909921
F1,SCA,20,1.8633209296351565
F1,SCA,21,0.11348966711784807
F1,SCA,22,6.106048071288453
F1,SCA,23,0.19244572018183806
F1,SCA,24,0.9329851956952039
F1,SCA,25,0.013669911280303758
F1,SCA,26,0.5512237734194098
F1,SCA,27,0.32978962785125276
F1,SCA,28,0.8507380843513677
F1,SCA,29,0.007560140073772071
F1,DE,0,40.41185900506124
F1,DE,1,0.0007950995432326204
F1,DE,2,2.171958854096917
F1,DE,3,0.008976727069953346
F1,DE,4,0.01776337747310377
F1,DE,5,0.03528098886666565
F1,DE,6,0.05238013509303889
F1,DE,7,0.009154281771743388
F1,DE,8,0.20983897964979675
F1,DE,9,0.0036716318020335536
F1,DE,10,2.2930744210780105
F1,DE,11,0.32935908062389707
F1,DE,12,0.3509139859137214
F1,DE,13,0.5640688829579942
F1,DE,14,0.2282507519072496
F1,DE,15,0.0013223442456825997
F1,DE,16,0.0015823043423689078
F1,DE,17,0.0022359399940599413
F1,DE,18,0.0840876298470084
F1,DE,19,0.5241981373583505
F1,DE,20,0.1055482713631493
F1,DE,21,1.6550084054151617
F1,DE,22,2.010008443079099
F1,DE,23,0.03247082384387542
F1,DE,24,1.753467712885387
F1,DE,25,1.5364428241265518
F1,DE,26,5.358358127017561
F1,DE,27,119.50691760245537
F1,DE,28,4.987349588798372
F1,DE,29,0.054931959195948114
F1,DRTO-open,0,2.266435151952592e-11
F1,DRTO-open,1,3.11247149954292e-11
F1,DRTO-open,2,3.007783569716161e-11
F1,DRTO-open,3,2.59326492043211e-11
F1,DRTO-open,4,2.8802664942337282e-11
F1,DRTO-open,5,1.9995222993604515e-11
F1,DRTO-open,6,2.1050514304288076e-11
F1,DRTO-open,7,3.337252618696843e-11
F1,DRTO-open,8,3.010005718037661e-11
F1,DRTO-open,9,2.0037204732666317e-11
F1,DRTO-open,10,2.065448611026809e-11
F1,DRTO-open,11,2.1279314744129082e-11
F1,DRTO-open,12,2.5408466131619948e-11
F1,DRTO-open,13,2.4842069371262938e-11
F1,DRTO-open,14,2.865046959633116e-11
F1,DRTO-open,15,2.929919148968327e-11
F1,DRTO-open,16,3.0856330852476156e-11
F1,DRTO-open,17,3.058094348935909e-11
F1,DRTO-open,18,2.909208355820309e-11
F1,DRTO-open,19,2.7502770097892972e-11
F1,DRTO-open,20,2.6667550735516074e-11
F1,DRTO-open,21,3.0484719025615216e-11
F1,DRTO-open,22,2.5923491372982144e-11
F1,DRTO-open,23,2.203987355957556e-11
F1,DRTO-open,24,3.093475728605851e-11
F1,DRTO-open,25,2.597561150013791e-11
F1,DRTO-open,26,3.18505536422427e-11
F1,DRTO-open,27,2.3905085227358237e-11
F1,DRTO-open,28,2.995761566211645e-11
F1,DRTO-open,29,3.155381769352717e-11
F2,DRTO,0,4.406614983389168e-06
F2,DRTO,1,3.8127508582359033e-06
F2,DRTO,2,3.5538292251642712e-06
F2,DRTO,3,4.795691568264518e-06
F2,DRTO,4,4.414680667623566e-06
F2,DRTO,5,3.805301871965099e-06
F2,DRTO,6,4.13455891400189e-06
F2,DRTO,7,4.693910162087602e-06
F2,DRTO,8,4.049716903919082e-06
F2,DRTO,9,4.013172923207831e-06
F2,DRTO,10,4.26078124175285e-06
F2,DRTO,11,4.391424216501818e-06
F2,DRTO,12,4.296358134641601e-06
F2,DRTO,13,4.160451354587004e-06
F2,DRTO,14,4.235205211753354e-06
F2,DRTO,15,0.19195353572252394
F2,DRTO,16,4.032615359066366e-06
F2,DRTO,17,4.440589577202469e-06
F2,DRTO,18,4.8516017607905925e-06
F2,DRTO,19,3.362985930389815e-06
F2,DRTO,20,4.619779797379807e-06
F2,DRTO,21,4.333108895399445e-06
F2,DRTO,22,3.789561769658864e-06
F2,DRTO,23,3.4191116558840708e-06
F2,DRTO,24,4.076665387040815e-06
F2,DRTO,25,4.62251245048532e-06
F2,DRTO,26,4.459102522300685e-06
F2,DRTO,27,4.05618777904656e-06
F2,DRTO,28,4.205635174474862e-06
F2,DRTO,29,4.753436009108332e-06
F2,PSO,0,0.07401086818320433
F2,PSO,1,0.06712935727569252
F2,PSO,2,0.12831857781305075
F2,PSO,3,10.084973767248377
F2,PSO,4,0.06301200718035438
F2,PSO,5,10.084119343803602
F2,PSO,6,0.11353985210610554
F2,PSO,7,0.10686732623563841
F2,PSO,8,0.08391650604355266
F2,PSO,9,10.039430930209214
F2,PSO,10,0.05580135598323349
F2,PSO,11,0.048547252008401216
F2,PSO,12,0.1878850333964044
F2,PSO,13,0.08939704233414267
F2,PSO,14,0.0901370483270292
F2,PSO,15,0.0612493903423564
F2,PSO,16,10.058256838615055
F2,PSO,17,0.09924887248431696
F2,PSO,18,0.07740882736994822
F2,PSO,19,0.06683792093054658
F2,PSO,20,0.16293757636147035
F2,PSO,21,10.02207971758068
F2,PSO,22,10.11301767382579
F2,PSO,23,0.1316765582997749
F2,PSO,24,0.07593503062608835
F2,PSO,25,0.12719196706941024
F2,PSO,26,0.1033957416713606
F2,PSO,27,0.1628947285293815
F2,PSO,28,0.0662996361640602
F2,PSO,29,0.1039295274108755
F2,GA,0,0.4610720654823864
F2,GA,1,0.6394529419669361
F2,GA,2,0.9882747069434042
F2,GA,3,0.9609478780123396
F2,GA,4,0.5670962867784909
F2,GA,5,0.8402597262863273
F2,GA,6,1.3943038757520965
F2,GA,7,0.44096305725671353
F2,GA,8,0.49212144707719685
F2,GA,9,0.6203962012557569
F2,GA,10,0.7540213975135648
F2,GA,11,0.7206597159582769
F2,GA,12,0.8828108687538881
F2,GA,13,0.9110442646833212
F2,GA,14,0.6907052947113073
F2,GA,15,0.7105730520046143
F2,GA,16,0.8179252237379738
F2,GA,17,0.6352662317181298
F2,GA,18,0.5170890546464477
F2,GA,19,0.5559542214069206
F2,GA,20,1.0070111280492706
F2,GA,21,0.6457757889762982
F2,GA,22,0.5154466829028581
F2,GA,23,0.6814187702835004
F2,GA,24,0.4238253124120333
F2,GA,25,0.6718325948622454
F2,GA,26,0.7449744755853318
F2,GA,27,0.6314724227575383
F2,GA,28,0.4852996206078732
F2,GA,29,0.894850421941991
F2,GWO,0,6.318106372353915e-19
F2,GWO,1,7.12555523456526e-19
F2,GWO,2,5.051363430047815e-19
F2,GWO,3,3.7008721519667195e-19
F2,GWO,4,3.918781268578316e-19
F2,GWO,5,1.9045232157072068e-19
F2,GWO,6,1.8070427965504856e-18
F2,GWO,7,5.536872781440801e-19
F2,GWO,8,1.2076111129840609e-18
F2,GWO,9,1.4355492188030366e-18
F2,GWO,10,4.1086519160824716e-19
F2,GWO,11,2.764367534376671e-19
F2,GWO,12,1.0562420168436212e-18
F2,GWO,13,8.148255131211883e-19
F2,GWO,14,8.524196941302301e-19
F2,GWO,15,4.807291137051848e-19
F2,GWO,16,7.339628319571775e-19
F2,GWO,17,1.6116896626702057e-19
F2,GWO,18,1.8618589483170425e-18
F2,GWO,19,5.113225928401329e-19
F2,GWO,20,4.744893170740565e-19
F2,GWO,21,5.369249022869547e-19
F2,GWO,22,1.463019790435739e-18
F2,GWO,23,2.2974260021747384e-19
F2,GWO,24,1.4548814768091251e-18
F2,GWO,25,1.815303476744317e-18
F2,GWO,26,1.2601171352038704e-18
F2,GWO,27,1.1135256910001746e-18
F2,GWO,28,1.1471473975499569e-18
F2,GWO,29,6.881742898827826e-19
F2,DE,0,0.0022732174040310882
F2,DE,1,0.002958738944682565
F2,DE,2,0.0031864911736467862
F2,DE,3,0.008297045826400546
F2,DE,4,0.0027421513610887895
F2,DE,5,0.0018554559785817395
F2,DE,6,0.003251552354481746
F2,DE,7,0.004971316895758929
F2,DE,8,0.006643397070672432
F2,DE,9,0.000874942497140433
F2,DE,10,0.0027484319645594466
F2,DE,11,0.0024950929496263944
F2,DE,12,0.01901250554300553
F2,DE,13,0.23967165595973816
F2,DE,14,0.0045039868531921426
F2,DE,15,0.051658656907546126
F2,DE,16,0.0025557151201279723
F2,DE,17,0.003699658349703934
F2,DE,18,0.001231926779444686
F2,DE,19,0.008375872637524272
F2,DE,20,0.004651545445588488
F2,DE,21,0.004386112719789274
F2,DE,22,0.6827824844414478
F2,DE,23,0.0020558127033628347
F2,DE,24,0.0025303145366078112
F2,DE,25,0.06944136688875778
F2,DE,26,0.0014633318265084437
F2,DE,27,0.006653555795851397
F2,DE,28,0.006080521727468407
F2,DE,29,0.002032750066762128
F2,WOA,0,7.024166016718997e-58
F2,WOA,1,8.548329261103454e-58
F2,WOA,2,1.0240449125191033e-57
F2,WOA,3,8.401266949796885e-60
F2,WOA,4,9.572433016305455e-61
F2,WOA,5,3.7676309398503093e-59
F2,WOA,6,3.184089364011279e-61
F2,WOA,7,1.0388937865378072e-56
F2,WOA,8,1.0862392584027067e-54
F2,WOA,9,5.2487482669071995e-53
F2,WOA,10,6.789048332171887e-58
F2,WOA,11,7.351837713313637e-60
F2,WOA,12,1.8675483591162404e-54
F2,WOA,13,5.951514311933238e-54
F2,WOA,14,5.292189404134773e-59
F2,WOA,15,8.785907681688723e-58
F2,WOA,16,7.973573385386908e-54
F2,WOA,17,1.1436097911208858e-59
F2,WOA,18,2.9745401089726513e-58
F2,WOA,19,1.055740250451018e-55
F2,WOA,20,8.0220515071276e-57
F2,WOA,21,9.409516215181309e-58
F2,WOA,22,6.107535566708087e-58
F2,WOA,23,1.057825567212606e-55
F2,WOA,24,6.453605619113101e-58
F2,WOA,25,1.655610975582835e-58
F2,WOA,26,2.3743412758059745e-52
F2,WOA,27,2.4247981903655733e-56
F2,WOA,28,2.6513571544573845e-56
F2,WOA,29,4.320179521848062e-58
F2,SCA,0,0.001548905291472731
F2,SCA,1,0.0026837723633506517
F2,SCA,2,0.004879390296380128
F2,SCA,3,0.002997880042936948
F2,SCA,4,0.020097662315271422
F2,SCA,5,0.014958107384391295
F2,SCA,6,0.0015040836999785983
F2,SCA,7,0.009541858272334953
F2,SCA,8,0.0014162237839845848
F2,SCA,9,0.025966592492052198
F2,SCA,10,0.004584155999094023
F2,SCA,11,0.00466337379360935
F2,SCA,12,0.00461906240312962
F2,SCA,13,0.0061976552005307845
F2,SCA,14,0.001637171764412494
F2,SCA,15,0.0033460059196336292
F2,SCA,16,0.005939175084115446
F2,SCA,17,0.00022651714812691958
F2,SCA,18,0.021798298308390487
F2,SCA,19,0.036839230801098834
F2,SCA,20,0.001464311845421745
F2,SCA,21,0.018449714152493062
F2,SCA,22,0.10207071850502761
F2,SCA,23,0.006269903069957722
F2,SCA,24,0.020277799874096135
F2,SCA,25,0.005039416771146903
F2,SCA,26,0.01605320941537787
F2,SCA,27,0.004495671331907015
F2,SCA,28,0.010637104442299901
F2,SCA,29,0.0033457334465976487
F2,DRTO-open,0,2.6793901729722575e-06
F2,DRTO-open,1,0.034554467232229144
F2,DRTO-open,2,0.025075258810706123
F2,DRTO-open,3,2.3521600037914595e-06
F2,DRTO-open,4,2.2921284061514986e-06
F2,DRTO-open,5,2.516197160838841e-06
F2,DRTO-open,6,2.2887770688468515e-06
F2,DRTO-open,7,2.462733402827538e-06
F2,DRTO-open,8,2.5132227034508517e-06
F2,DRTO-open,9,2.469760632631532e-06
F2,DRTO-open,10,2.4013889870617974e-06
F2,DRTO-open,11,0.7264129832322432
F2,DRTO-open,12,2.326761350550774e-06
F2,DRTO-open,13,0.1642492835344503
F2,DRTO-open,14,2.7412861943242552e-06
F2,DRTO-open,15,0.8594860421909785
F2,DRTO-open,16,2.6786373211928595e-06
F2,DRTO-open,17,2.5912436464748484e-06
F2,DRTO-open,18,2.533905224680966e-06
F2,DRTO-open,19,2.346125810693872e-06
F2,DRTO-open,20,2.028474021082704e-06
F2,DRTO-open,21,2.9500757116078275e-06
F2,DRTO-open,22,1.9947000062576657e-06
F2,DRTO-open,23,2.0197499598759536e-06
F2,DRTO-open,24,2.6029909024040734e-06
F2,DRTO-open,25,2.4291958655262854e-06
F2,DRTO-open,26,0.836055294298979
F2,DRTO-open,27,4.280200771287769e-05
F2,DRTO-open,28,0.1496665684970957
F2,DRTO-open,29,2.2573414083455325e-06
F3,PSO,0,11160.552672016294
F3,PSO,1,3048.4696881968807
F3,PSO,2,1349.8790764000446
F3,PSO,3,3900.195869707857
F3,PSO,4,6806.423834030218
F3,PSO,5,9200.592082996109
F3,PSO,6,6112.96719010111
F3,PSO,7,1816.8902077010484
F3,PSO,8,3672.828455968447
F3,PSO,9,1304.0243034300024
F3,PSO,10,1735.4896230873956
F3,PSO,11,1776.5908681501053
F3,PSO,12,2292.847073793348
F3,PSO,13,3054.434660132519
F3,PSO,14,1805.5892918547133
F3,PSO,15,2584.9560878404486
F3,PSO,16,1302.968636589821
F3,PSO,17,2043.5838458214716
F3,PSO,18,3296.354175553405
F3,PSO,19,7784.219643267236
F3,PSO,20,3513.748178914633
F3,PSO,21,3047.4164918339475
F3,PSO,22,1477.2131250820532
F3,PSO,23,1642.5590416361886
F3,PSO,24,3021.3331385723654
F3,PSO,25,1689.9072146353126
F3,PSO,26,12347.759253638438
F3,PSO,27,2474.596441189748
F3,PSO,28,2974.5601858666196
F3,PSO,29,2207.054794703994
F3,DRTO,0,883.684871788683
F3,DRTO,1,1633.516804021986
F3,DRTO,2,953.2454787401541
F3,DRTO,3,807.710472813188
F3,DRTO,4,1450.013458998818
F3,DRTO,5,899.7486009122774
F3,DRTO,6,1126.864832160569
F3,DRTO,7,376.75810254606375
F3,DRTO,8,1182.2271479989574
F3,DRTO,9,714.0089871687015
F3,DRTO,10,1257.7387127720121
F3,DRTO,11,562.8731114841812
F3,DRTO,12,1126.836634211397
F3,DRTO,13,855.0145976087463
F3,DRTO,14,380.6110641839476
F3,DRTO,15,703.1700612132936
F3,DRTO,16,1569.3497705617997
F3,DRTO,17,777.4019605533704
F3,DRTO,18,662.4293721493858
F3,DRTO,19,674.1727570468748
F3,DRTO,20,781.9218137063544
F3,DRTO,21,1235.433375374202
F3,DRTO,22,675.5178872377227
F3,DRTO,23,357.7994859102597
F3,DRTO,24,654.7649184962512
F3,DRTO,25,919.4766049606824
F3,DRTO,26,1305.4158542841767
F3,DRTO,27,1145.648231527519
F3,DRTO,28,315.97708628751076
F3,DRTO,29,1035.9342216848913
F3,GA,0,6078.669414830885
F3,GA,1,4577.709804761173
F3,GA,2,2717.547848699343
F3,GA,3,5132.245956361211
F3,GA,4,5501.515845001162
F3,GA,5,7386.904933510573
F3,GA,6,2540.7989361992677
F3,GA,7,2044.0544332848367
F3,GA,8,3793.679496227641
F3,GA,9,8129.625286975599
F3,GA,10,6644.901316368626
F3,GA,11,2424.535836657086
F3,GA,12,4093.254446028381
F3,GA,13,2858.877167338409
F3,GA,14,4860.145066227089
F3,GA,15,3581.418070805244
F3,GA,16,4569.8521029247295
F3,GA,17,5169.344334192515
F3,GA,18,2720.0225901683016
F3,GA,19,5011.723345596111
F3,GA,20,4811.39697378171
F3,GA,21,7520.507159957543
F3,GA,22,3703.610703444605
F3,GA,23,3574.539703826287
F3,GA,24,4216.575840837141
F3,GA,25,6348.573378517786
F3,GA,26,3969.7267970522826
F3,GA,27,3592.9823779953467
F3,GA,28,2407.3063619847367
F3,GA,29,1626.7827929956152
F3,GWO,0,3.137285504311131e-05
F3,GWO,1,1.2094195647528744e-05
F3,GWO,2,4.876821732046449e-05
F3,GWO,3,6.922740432326819e-05
F3,GWO,4,1.5634247549456422e-09
F3,GWO,5,2.188601172708026e-05
F3,GWO,6,3.4821874575911996e-07
F3,GWO,7,1.5016782683710945e-05
F3,GWO,8,1.4712964005995278e-05
F3,GWO,9,0.00010731057780436077
F3,GWO,10,4.493598588106421e-05
F3,GWO,11,3.9038513220239386e-05
F3,GWO,12,2.1159265107812894e-06
F3,GWO,13,4.241251106145863e-05
F3,GWO,14,7.727982225051253e-08
F3,GWO,15,6.952755923297366e-06
F3,GWO,16,1.8556967847714825e-06
F3,GWO,17,2.1490837834143673e-06
F3,GWO,18,2.9925153208889067e-06
F3,GWO,19,1.8042154517760847e-06
F3,GWO,20,8.567278549360496e-06
F3,GWO,21,0.0009503236406893268
F3,GWO,22,2.9261751364609723e-06
F3,GWO,23,7.042864990828377e-07
F3,GWO,24,1.2161914223559602e-05
F3,GWO,25,1.967851467167554e-05
F3,GWO,26,0.0008502689015911429
F3,GWO,27,6.751541745583495e-06
F3,GWO,28,7.682393523805413e-05
F3,GWO,29,7.479973702692092e-06
F3,DE,0,855.5410136758475
F3,DE,1,451.8758075853491
F3,DE,2,1082.2269024977418
F3,DE,3,266.3253826592504
F3,DE,4,781.5358602060099
F3,DE,5,1198.5849170140964
F3,DE,6,205.56142115841763
F3,DE,7,1359.3142313680366
F3,DE,8,873.404001004884
F3,DE,9,1389.672706080854
F3,DE,10,320.76013991741155
F3,DE,11,1439.6546761199552
F3,DE,12,1009.6255674425454
F3,DE,13,619.9797936308164
F3,DE,14,630.5551558418807
F3,DE,15,1390.5700235292575
F3,DE,16,745.4113610457409
F3,DE,17,703.4562228549811
F3,DE,18,1133.5819295133676
F3,DE,19,752.5930423315507
F3,DE,20,364.3764989557735
F3,DE,21,652.2372669166738
F3,DE,22,783.5066253055857
F3,DE,23,520.2038019854441
F3,DE,24,698.2108752216567
F3,DE,25,1909.1555674384217
F3,DE,26,1153.9678179127657
F3,DE,27,477.9924008120848
F3,DE,28,491.709591662706
F3,DE,29,593.9458476877809
F3,WOA,0,22955.12257115075
F3,WOA,1,100.87615428825254
F3,WOA,2,1944.8541362449103
F3,WOA,3,2881.9423871010035
F3,WOA,4,0.03303139311180572
F3,WOA,5,28188.895340599684
F3,WOA,6,0.36198733731881216
F3,WOA,7,1.5506432286908683e-10
F3,WOA,8,1832.6265156992386
F3,WOA,9,0.011265591926532864
F3,WOA,10,20783.657211667032
F3,WOA,11,3.56883544077674e-11
F3,WOA,12,7.620646663564511e-06
F3,WOA,13,232.50732558138574
F3,WOA,14,12.78212366097704
F3,WOA,15,42.0257378363747
F3,WOA,16,10.268957362687033
F3,WOA,17,5989.399228555845
F3,WOA,18,1943.7785059335808
F3,WOA,19,1069.5357581101232
F3,WOA,20,8224.31871236477
F3,WOA,21,506.1630546659442
F3,WOA,22,9.444489501549391
F3,WOA,23,5775.783347929202
F3,WOA,24,5.275309876729279e-05
F3,WOA,25,0.2480384582283614
F3,WOA,26,3773.248241060926
F3,WOA,27,50.79340925916121
F3,WOA,28,3631.9796760670024
F3,WOA,29,179.39460103583218
F3,SCA,0,13617.197834446699
F3,SCA,1,9458.50973354324
F3,SCA,2,2570.912220278899
F3,SCA,3,9950.667948182778
F3,SCA,4,6227.575535762342
F3,SCA,5,2863.295893623396
F3,SCA,6,7731.043613208429
F3,SCA,7,13657.565560563004
F3,SCA,8,3913.138035423362
F3,SCA,9,23949.21693086936
F3,SCA,10,7665.005610880151
F3,SCA,11,8185.824362049644
F3,SCA,12,1328.698298599311
F3,SCA,13,2485.3141931970304
F3,SCA,14,18047.527498323892
F3,SCA,15,9229.839142874433
F3,SCA,16,7264.126827618313
F3,SCA,17,24025.017191017923
F3,SCA,18,4814.983295182379
F3,SCA,19,11245.131814786997
F3,SCA,20,6821.6581249526635
F3,SCA,21,5838.824168336697
F3,SCA,22,8364.482243900842
F3,SCA,23,4836.267628053664
F3,SCA,24,5375.023912520649
F3,SCA,25,4382.523921324158
F3,SCA,26,6630.896363730752
F3,SCA,27,8539.964780243006
F3,SCA,28,15542.627683268334
F3,SCA,29,6485.631076797401
F3,DRTO-open,0,2013.1008657096013
F3,DRTO-open,1,447.3402097887188
F3,DRTO-open,2,399.077814879793
F3,DRTO-open,3,1214.9109020985488
F3,DRTO-open,4,329.7814929094991
F3,DRTO-open,5,356.7249960975916
F3,DRTO-open,6,1655.0126378386578
F3,DRTO-open,7,1366.667278399411
F3,DRTO-open,8,698.423818770373
F3,DRTO-open,9,700.752793841105
F3,DRTO-open,10,1606.3665143104358
F3,DRTO-open,11,578.7606847880321
F3,DRTO-open,12,1097.938929376605
F3,DRTO-open,13,656.8280389165539
F3,DRTO-open,14,399.56067059364216
F3,DRTO-open,15,758.0356655618616
F3,DRTO-open,16,1061.9239181996325
F3,DRTO-open,17,502.6398668706401
F3,DRTO-open,18,615.7602372605492
F3,DRTO-open,19,1142.6902794389837
F3,DRTO-open,20,192.08614928711745
F3,DRTO-open,21,580.4727323309748
F3,DRTO-open,22,695.824599440844
F3,DRTO-open,23,1021.6290456013763
F3,DRTO-open,24,844.3543434276417
F3,DRTO-open,25,673.4176705384237
F3,DRTO-open,26,842.0030887768817
F3,DRTO-open,27,810.9094425283585
F3,DRTO-open,28,642.9641310491473
F3,DRTO-open,29,570.078263002657
F4,PSO,0,6.364883926348838
F4,PSO,1,7.678926120153051
F4,PSO,2,11.336752471112176
F4,PSO,3,10.193735021351262
F4,PSO,4,10.907477959097955
F4,PSO,5,6.585852310083999
F4,PSO,6,9.82130360500411
F4,PSO,7,9.546746223790876
F4,PSO,8,8.514400499433828
F4,PSO,9,7.0484339570151935
F4,PSO,10,6.2189435962843955
F4,PSO,11,6.797079351903913
F4,PSO,12,6.106262547423466
F4,PSO,13,6.457599503441468
F4,PSO,14,8.176025881676207
F4,PSO,15,8.845534592972488
F4,PSO,16,11.212559135452164
F4,PSO,17,8.435476088832798
F4,PSO,18,7.990853532011685
F4,PSO,19,8.833469923355679
F4,PSO,20,9.506031068015615
F4,PSO,21,8.719466835213996
F4,PSO,22,9.369146414582028
F4,PSO,23,8.7057139366036
F4,PSO,24,8.47008369627974
F4,PSO,25,9.02814053322973
F4,PSO,26,9.286134817089982
F4,PSO,27,6.562608352092037
F4,PSO,28,6.009721454966242
F4,PSO,29,9.351671567770937
F4,DRTO,0,2.052920995444013
F4,DRTO,1,0.8926143092171165
F4,DRTO,2,1.2527391031473472
F4,DRTO,3,1.2185469265756008
F4,DRTO,4,2.136136549500682
F4,DRTO,5,3.3999498979999134
F4,DRTO,6,1.9408269699291985
F4,DRTO,7,0.9801687016569381
F4,DRTO,8,1.309146557108178
F4,DRTO,9,0.7772217080017019
F4,DRTO,10,0.7812791013145052
F4,DRTO,11,2.527411566465353
F4,DRTO,12,0.608595199913613
F4,DRTO,13,3.3278732440490706
F4,DRTO,14,1.4317017045318376
F4,DRTO,15,1.38753150363378
F4,DRTO,16,1.2207364530793445
F4,DRTO,17,2.47865239184714
F4,DRTO,18,2.1588190915410985
F4,DRTO,19,0.5316908791676597
F4,DRTO,20,1.682069781817319
F4,DRTO,21,0.5334312434878659
F4,DRTO,22,1.4119599139777899
F4,DRTO,23,1.5067032710493051
F4,DRTO,24,6.430986580458747
F4,DRTO,25,2.867411683422143
F4,DRTO,26,1.4747301088954825
F4,DRTO,27,0.8574984530208031
F4,DRTO,28,3.138169630035658
F4,DRTO,29,2.8611696572160517
F4,GA,0,15.551395178718222
F4,GA,1,9.997157638033068
F4,GA,2,21.69051169686996
F4,GA,3,16.71790504698703
F4,GA,4,7.349985289502163
F4,GA,5,12.638802823142528
F4,GA,6,18.01337616645444
F4,GA,7,19.211916131900413
F4,GA,8,15.295947497459965
F4,GA,9,17.013048272178523
F4,GA,10,24.062781630743732
F4,GA,11,18.214874310519335
F4,GA,12,13.588040468802966
F4,GA,13,14.447545663155791
F4,GA,14,10.776399194901305
F4,GA,15,8.429730935696794
F4,GA,16,21.716361602319118
F4,GA,17,17.625818583022046
F4,GA,18,12.667414275968712
F4,GA,19,11.522343051264857
F4,GA,20,14.122873764774324
F4,GA,21,11.793261597276972
F4,GA,22,13.117681876069094
F4,GA,23,11.86403096920201
F4,GA,24,24.54314569595149
F4,GA,25,19.77391943535206
F4,GA,26,33.427588490232104
F4,GA,27,7.640275459624004
F4,GA,28,17.105032983179026
F4,GA,29,13.617723160799455
F4,GWO,0,2.2697289123097522e-06
F4,GWO,1,6.488231322724481e-07
F4,GWO,2,2.4173992567351215e-06
F4,GWO,3,1.232459552874232e-05
F4,GWO,4,2.878312417453558e-06
F4,GWO,5,2.320136634325156e-06
F4,GWO,6,3.9506352449221515e-07
F4,GWO,7,8.571284033597473e-07
F4,GWO,8,5.701078606280547e-07
F4,GWO,9,1.9018569209675591e-06
F4,GWO,10,4.121847310140952e-06
F4,GWO,11,7.176435333235305e-05
F4,GWO,12,1.9421724797711448e-06
F4,GWO,13,2.1240059980925046e-07
F4,GWO,14,1.1362118748665419e-05
F4,GWO,15,3.5460753835106105e-06
F4,GWO,16,1.0725922086334189e-06
F4,GWO,17,3.1047389935214885e-06
F4,GWO,18,4.15179015397626e-06
F4,GWO,19,2.7925784591190343e-07
F4,GWO,20,3.915329078024828e-06
F4,GWO,21,9.717429125269883e-07
F4,GWO,22,9.5382396276214e-06
F4,GWO,23,5.0591523122297e-06
F4,GWO,24,5.567970437290672e-07
F4,GWO,25,1.1019838016216935e-07
F4,GWO,26,2.6478282263329335e-06
F4,GWO,27,2.0094589478072032e-07
F4,GWO,28,2.0495368653338435e-06
F4,GWO,29,4.8697223086194735e-06
F4,WOA,0,4.643222128863334e-11
F4,WOA,1,1.0707576830117386e-14
F4,WOA,2,3.274822990225531e-17
F4,WOA,3,1.044360134662358e-13
F4,WOA,4,2.825437442318522e-09
F4,WOA,5,7.58669120671527e-08
F4,WOA,6,2.4239963823342273e-12
F4,WOA,7,8.116121580242842e-13
F4,WOA,8,1.9699459901646998e-10
F4,WOA,9,1.0987066477517054e-07
F4,WOA,10,8.224742191413021e-12
F4,WOA,11,2.3401007898217746e-12
F4,WOA,12,4.982126360425362e-17
F4,WOA,13,2.6833413286426705e-09
F4,WOA,14,1.0717304575260073e-11
F4,WOA,15,2.9310710140826317e-13
F4,WOA,16,1.5829594476776644e-12
F4,WOA,17,4.781458316741865e-11
F4,WOA,18,1.877152975245947e-13
F4,WOA,19,5.483720786018138e-13
F4,WOA,20,3.0888299559781806e-15
F4,WOA,21,5.796835987795468e-13
F4,WOA,22,1.4771566044028975e-08
F4,WOA,23,1.0125319423433275e-12
F4,WOA,24,1.123251738175233e-12
F4,WOA,25,2.6999863063640995e-14
F4,WOA,26,2.80106051899783e-13
F4,WOA,27,1.7877713104101663e-15
F4,WOA,28,2.373218542248714e-14
F4,WOA,29,1.9692286939804924e-15
F4,DE,0,24.652681539147046
F4,DE,1,27.470617798032194
F4,DE,2,45.35268031842248
F4,DE,3,20.274983657282206
F4,DE,4,20.334525443632707
F4,DE,5,29.178666372177553
F4,DE,6,13.458875106510249
F4,DE,7,22.708065668509292
F4,DE,8,13.611900346126227
F4,DE,9,28.376198460135775
F4,DE,10,21.449000645323792
F4,DE,11,23.624595204333723
F4,DE,12,22.073358562433043
F4,DE,13,16.665789318214564
F4,DE,14,31.073286285297424
F4,DE,15,18.009608563704283
F4,DE,16,19.50323790066692
F4,DE,17,19.510531057959845
F4,DE,18,14.252687776605404
F4,DE,19,15.842974486670059
F4,DE,20,18.678342187207488
F4,DE,21,27.70515110726695
F4,DE,22,23.19886963302467
F4,DE,23,18.710482512978835
F4,DE,24,18.878684242202315
F4,DE,25,22.88145060439104
F4,DE,26,33.3946826970726
F4,DE,27,30.90488988317355
F4,DE,28,15.730363692749902
F4,DE,29,21.79875870073314
F4,SCA,0,34.03394855496235
F4,SCA,1,25.620795341717713
F4,SCA,2,56.80466355943154
F4,SCA,3,28.91253272832018
F4,SCA,4,20.71199510722616
F4,SCA,5,29.7284216265173
F4,SCA,6,46.335032021283325
F4,SCA,7,38.518759707389975
F4,SCA,8,57.91393589208819
F4,SCA,9,36.41443079407142
F4,SCA,10,25.36493516319591
F4,SCA,11,35.00738624643264
F4,SCA,12,14.2566615057192
F4,SCA,13,52.58032001740423
F4,SCA,14,32.4814949661626
F4,SCA,15,48.682758817603975
F4,SCA,16,58.310367458362826
F4,SCA,17,24.895702300860247
F4,SCA,18,51.65936611886128
F4,SCA,19,13.204327253439079
F4,SCA,20,45.551801798484384
F4,SCA,21,39.067589097862765
F4,SCA,22,22.422992070959396
F4,SCA,23,28.61272339696365
F4,SCA,24,20.38012040014697
F4,SCA,25,36.32416667158361
F4,SCA,26,12.072820903688314
F4,SCA,27,34.1796083950378
F4,SCA,28,28.334130296163945
F4,SCA,29,45.24769853085486
F4,DRTO-open,0,2.2815960700174487
F4,DRTO-open,1,1.6477208245732016
F4,DRTO-open,2,4.996986335627861
F4,DRTO-open,3,3.20420903391532
F4,DRTO-open,4,1.7409818122294127
F4,DRTO-open,5,2.8330243763536704
F4,DRTO-open,6,5.282226318265213
F4,DRTO-open,7,5.547246282317117
F4,DRTO-open,8,5.084608807119288
F4,DRTO-open,9,3.6883629562214995
F4,DRTO-open,10,0.5654318502919937
F4,DRTO-open,11,0.9555376278751824
F4,DRTO-open,12,4.987547347818515
F4,DRTO-open,13,2.4271924567403835
F4,DRTO-open,14,3.714135488557071
F4,DRTO-open,15,1.3081107092103903
F4,DRTO-open,16,4.176112816317704
F4,DRTO-open,17,4.77688863333182
F4,DRTO-open,18,0.9646540167715074
F4,DRTO-open,19,1.9036141818443546
F4,DRTO-open,20,3.6586336094623717
F4,DRTO-open,21,5.36091806789278
F4,DRTO-open,22,4.813525321568259
F4,DRTO-open,23,1.7213530162847628
F4,DRTO-open,24,0.16914446146419615
F4,DRTO-open,25,0.4392024454441341
F4,DRTO-open,26,5.225217002128241
F4,DRTO-open,27,7.41983706324364
F4,DRTO-open,28,1.7061124398675642
F4,DRTO-open,29,1.9598317383867845
F5,DRTO,0,119.74649133257716
F5,DRTO,1,128.5989591670886
F5,DRTO,2,28.979182337611718
F5,DRTO,3,91.04390101137221
F5,DRTO,4,29.40050212087725
F5,DRTO,5,29.258692689666994
F5,DRTO,6,27.39780571890164
F5,DRTO,7,29.200227529758674
F5,DRTO,8,98.99164121178819
F5,DRTO,9,29.403779426006018
F5,DRTO,10,26.858993846014663
F5,DRTO,11,773.4471032878081
F5,DRTO,12,286.3904312535941
F5,DRTO,13,28.89626769775017
F5,DRTO,14,151.566239668521
F5,DRTO,15,137.1718717290566
F5,DRTO,16,28.330629019334385
F5,DRTO,17,27.70775827986977
F5,DRTO,18,28.71653192726326
F5,DRTO,19,28.191253553341824
F5,DRTO,20,28.381663516092527
F5,DRTO,21,27.416032159844402
F5,DRTO,22,35.38070526545947
F5,DRTO,23,29.374272414288594
F5,DRTO,24,28.843332147938312
F5,DRTO,25,97.62985646652601
F5,DRTO,26,120.77351312969066
F5,DRTO,27,28.331333091745535
F5,DRTO,28,681.4965866439487
F5,DRTO,29,27.818475132952127
F5,PSO,0,78.38484220564546
F5,PSO,1,324.3188378757669
F5,PSO,2,134.2733997889806
F5,PSO,3,90160.12646004076
F5,PSO,4,202.89156285746515
F5,PSO,5,283.6351229054108
F5,PSO,6,269.55041698662137
F5,PSO,7,490.7611685737187
F5,PSO,8,235.7543387714957
F5,PSO,9,169.2156650317786
F5,PSO,10,192.76890701767474
F5,PSO,11,214.30108894289268
F5,PSO,12,286.7817506979256
F5,PSO,13,282.7376592475222
F5,PSO,14,90153.5836798072
F5,PSO,15,157.77877994089027
F5,PSO,16,510.8096829496297
F5,PSO,17,858.7312586749294
F5,PSO,18,199.38969964843716
F5,PSO,19,149.5164261058148
F5,PSO,20,137.55476126134033
F5,PSO,21,1475.5388724463614
F5,PSO,22,197.4228921946518
F5,PSO,23,217.722034676002
F5,PSO,24,167.35727855417875
F5,PSO,25,78.74521618772083
F5,PSO,26,146.68138971252722
F5,PSO,27,90168.27192834811
F5,PSO,28,41.235616904251295
F5,PSO,29,204.93665922389897
F5,GA,0,248.25277338539638
F5,GA,1,360.44029271618666
F5,GA,2,375.61223173423116
F5,GA,3,230.6276960425302
F5,GA,4,178.61636131585817
F5,GA,5,182.72739854920744
F5,GA,6,268.82579380874404
F5,GA,7,205.9202773688761
F5,GA,8,226.1087889210957
F5,GA,9,203.15071637160855
F5,GA,10,2961.470082092833
F5,GA,11,350.99079467830813
F5,GA,12,578.8348792292228
F5,GA,13,302.3342713206596
F5,GA,14,258.02860683983226
F5,GA,15,422.48331953711903
F5,GA,16,467.0311379697212
F5,GA,17,266.65701450224896
F5,GA,18,202.66098601719685
F5,GA,19,230.5098831203697
F5,GA,20,328.80705982248844
F5,GA,21,271.7997799908439
F5,GA,22,348.28658388270566
F5,GA,23,131.5547509390399
F5,GA,24,174.3600054723844
F5,GA,25,175.00437669318742
F5,GA,26,399.42147626521006
F5,GA,27,289.140310308193
F5,GA,28,216.42880009298798
F5,GA,29,245.56835185544526
F5,GWO,0,27.133631414998632
F5,GWO,1,26.226936901106303
F5,GWO,2,26.61361756492483
F5,GWO,3,27.188337097898813
F5,GWO,4,26.115089386240257
F5,GWO,5,27.008066493473795
F5,GWO,6,26.570668791386453
F5,GWO,7,27.88883279683549
F5,GWO,8,27.09533785568259
F5,GWO,9,27.911796745572403
F5,GWO,10,26.115635043199305
F5,GWO,11,28.519284095232603
F5,GWO,12,27.084266975029912
F5,GWO,13,27.158353653656988
F5,GWO,14,27.100975140546055
F5,GWO,15,27.11358974247658
F5,GWO,16,27.97213217653587
F5,GWO,17,26.04526414611238
F5,GWO,18,27.120981150338228
F5,GWO,19,27.128334372821012
F5,GWO,20,26.172095884740894
F5,GWO,21,27.079475565130615
F5,GWO,22,28.727818346147643
F5,GWO,23,27.144180911847993
F5,GWO,24,27.10810759163608
F5,GWO,25,26.27976301645368
F5,GWO,26,27.04645654644425
F5,GWO,27,27.12710263168742
F5,GWO,28,26.797438320113564
F5,GWO,29,26.195288429333495
F5,WOA,0,28.654386386650618
F5,WOA,1,0.0517623739060663
F5,WOA,2,28.714443212213833
F5,WOA,3,0.032486580431248156
F5,WOA,4,0.052061235338908524
F5,WOA,5,0.2224803003507029
F5,WOA,6,0.2687075703528855
F5,WOA,7,3.6989113112062335
F5,WOA,8,28.707079246592123
F5,WOA,9,0.09365602078484464
F5,WOA,10,0.5277484997304042
F5,WOA,11,28.70971683200815
F5,WOA,12,0.5080886461590026
F5,WOA,13,28.688208999378613
F5,WOA,14,28.708148116718714
F5,WOA,15,0.17594239106440143
F5,WOA,16,10.54754989889683
F5,WOA,17,0.6439014666508533
F5,WOA,18,6.341885803839067
F5,WOA,19,0.11288592294247064
F5,WOA,20,0.35541741475103933
F5,WOA,21,0.08713541524795765
F5,WOA,22,0.6218051990456201
F5,WOA,23,0.7896081071489702
F5,WOA,24,0.15311228316492267
F5,WOA,25,28.702842344392838
F5,WOA,26,1.0580463556771735
F5,WOA,27,1.1133901830940554
F5,WOA,28,28.707764807651408
F5,WOA,29,28.7193130973606
F5,DE,0,215.72441932958688
F5,DE,1,236.95553654590356
F5,DE,2,692.7992674552099
F5,DE,3,3975.1465699223104
F5,DE,4,374.46060327779537
F5,DE,5,845.9851921488172
F5,DE,6,217.47754189082718
F5,DE,7,463.13341729546755
F5,DE,8,3114.579084205262
F5,DE,9,3938.8448852128404
F5,DE,10,162.4081407301685
F5,DE,11,1132.2190734047138
F5,DE,12,7827.072827787971
F5,DE,13,169.9474200096956
F5,DE,14,132.75823842533126
F5,DE,15,1420.0425779019356
F5,DE,16,248.83314726409628
F5,DE,17,16719.121465157696
F5,DE,18,60895.19867198087
F5,DE,19,327.1446147874127
F5,DE,20,12654.795513210593
F5,DE,21,236.53699039806887
F5,DE,22,20067.97238715117
F5,DE,23,783.8397075474094
F5,DE,24,295.8349522670665
F5,DE,25,97.06399409999257
F5,DE,26,155367.95903860393
F5,DE,27,204.02901695221058
F5,DE,28,1331.9363350283006
F5,DE,29,14338.186197076078
F5,SCA,0,424167.33809904737
F5,SCA,1,1962.6953934277603
F5,SCA,2,4965.176034511213
F5,SCA,3,24104.12364108161
F5,SCA,4,169877.98781222012
F5,SCA,5,1093.0553540996539
F5,SCA,6,146.32021966467434
F5,SCA,7,3442.2686771082317
F5,SCA,8,562.203703267545
F5,SCA,9,16791.582492932743
F5,SCA,10,2094.168704803236
F5,SCA,11,3378.409513189782
F5,SCA,12,37624.989107361405
F5,SCA,13,2138.077500327446
F5,SCA,14,95787.30131621532
F5,SCA,15,1727.8574712674056
F5,SCA,16,7369.181317512139
F5,SCA,17,71.94480116979787
F5,SCA,18,1636015.34048823
F5,SCA,19,4161.783833943857
F5,SCA,20,4599.786703626353
F5,SCA,21,459989.2301676384
F5,SCA,22,9884.095355411604
F5,SCA,23,7198.955584339894
F5,SCA,24,3998.9448814177154
F5,SCA,25,6274.202312332806
F5,SCA,26,1326.107174876317
F5,SCA,27,175439.17144438543
F5,SCA,28,832.934552233157
F5,SCA,29,22937.59867320534
F5,DRTO-open,0,28.241223963386034
F5,DRTO-open,1,29.170599852596908
F5,DRTO-open,2,28.526334325153144
F5,DRTO-open,3,26.413495063264623
F5,DRTO-open,4,428.71461408000954
F5,DRTO-open,5,102.45325907424834
F5,DRTO-open,6,27.14251178930395
F5,DRTO-open,7,440.4856144795352
F5,DRTO-open,8,27.669004841654992
F5,DRTO-open,9,117.13494777586912
F5,DRTO-open,10,29.136058132990073
F5,DRTO-open,11,26.410783515838258
F5,DRTO-open,12,27.863707225524436
F5,DRTO-open,13,28.054933216200233
F5,DRTO-open,14,28.03957059524177
F5,DRTO-open,15,274.98263751575263
F5,DRTO-open,16,29.078034083619055
F5,DRTO-open,17,25.432710342633584
F5,DRTO-open,18,28.04503140882928
F5,DRTO-open,19,111.68125794695223
F5,DRTO-open,20,28.092176556941745
F5,DRTO-open,21,110.47250043234327
F5,DRTO-open,22,257.70336596653635
F5,DRTO-open,23,29.157200183552572
F5,DRTO-open,24,140.05807873330502
F5,DRTO-open,25,29.296068080563714
F5,DRTO-open,26,732.1376079484552
F5,DRTO-open,27,25.767423795703863
F5,DRTO-open,28,1297.2579490160165
F5,DRTO-open,29,106.19167960446438
F6,PSO,0,3.0
F6,PSO,1,4.0
F6,PSO,2,3.0
F6,PSO,3,3.0
F6,PSO,4,2.0
F6,PSO,5,2.0
F6,PSO,6,6.0
F6,PSO,7,4.0
F6,PSO,8,2.0
F6,PSO,9,4.0
F6,PSO,10,6.0
F6,PSO,11,3.0
F6,PSO,12,3.0
F6,PSO,13,2.0
F6,PSO,14,2.0
F6,PSO,15,4.0
F6,PSO,16,6.0
F6,PSO,17,1.0
F6,PSO,18,7.0
F6,PSO,19,2.0
F6,PSO,20,1.0
F6,PSO,21,3.0
F6,PSO,22,1.0
F6,PSO,23,1.0
F6,PSO,24,4.0
F6,PSO,25,3.0
F6,PSO,26,2.0
F6,PSO,27,4.0
F6,PSO,28,2.0
F6,PSO,29,8.0
F6,DRTO,0,0.0
F6,DRTO,1,0.0
F6,DRTO,2,0.0
F6,DRTO,3,0.0
F6,DRTO,4,0.0
F6,DRTO,5,0.0
F6,DRTO,6,0.0
F6,DRTO,7,0.0
F6,DRTO,8,0.0
F6,DRTO,9,0.0
F6,DRTO,10,0.0
F6,DRTO,11,0.0
F6,DRTO,12,0.0
F6,DRTO,13,0.0
F6,DRTO,14,0.0
F6,DRTO,15,0.0
F6,DRTO,16,0.0
F6,DRTO,17,0.0
F6,DRTO,18,0.0
F6,DRTO,19,0.0
F6,DRTO,20,0.0
F6,DRTO,21,0.0
F6,DRTO,22,0.0
F6,DRTO,23,0.0
F6,DRTO,24,0.0
F6,DRTO,25,0.0
F6,DRTO,26,0.0
F6,DRTO,27,0.0
F6,DRTO,28,0.0
F6,DRTO,29,0.0
F6,GA,0,6.0
F6,GA,1,6.0
F6,GA,2,6.0
F6,GA,3,5.0
F6,GA,4,10.0
F6,GA,5,7.0
F6,GA,6,8.0
F6,GA,7,10.0
F6,GA,8,6.0
F6,GA,9,7.0
F6,GA,10,6.0
F6,GA,11,6.0
F6,GA,12,7.0
F6,GA,13,8.0
F6,GA,14,10.0
F6,GA,15,8.0
F6,GA,16,9.0
F6,GA,17,3.0
F6,GA,18,6.0
F6,GA,19,10.0
F6,GA,20,4.0
F6,GA,21,6.0
F6,GA,22,10.0
F6,GA,23,6.0
F6,GA,24,5.0
F6,GA,25,4.0
F6,GA,26,5.0
F6,GA,27,7.0
F6,GA,28,14.0
F6,GA,29,4.0
F6,GWO,0,0.0
F6,GWO,1,0.0
F6,GWO,2,0.0
F6,GWO,3,0.0
F6,GWO,4,0.0
F6,GWO,5,0.0
F6,GWO,6,0.0
F6,GWO,7,0.0
F6,GWO,8,0.0
F6,GWO,9,0.0
F6,GWO,10,0.0
F6,GWO,11,0.0
F6,GWO,12,0.0
F6,GWO,13,0.0
F6,GWO,14,0.0
F6,GWO,15,0.0
F6,GWO,16,0.0
F6,GWO,17,0.0
F6,GWO,18,0.0
F6,GWO,19,0.0
F6,GWO,20,0.0
F6,GWO,21,0.0
F6,GWO,22,0.0
F6,GWO,23,0.0
F6,GWO,24,0.0
F6,GWO,25,0.0
F6,GWO,26,0.0
F6,GWO,27,0.0
F6,GWO,28,0.0
F6,GWO,29,0.0
F6,WOA,0,0.0
F6,WOA,1,0.0
F6,WOA,2,0.0
F6,WOA,3,0.0
F6,WOA,4,0.0
F6,WOA,5,0.0
F6,WOA,6,0.0
F6,WOA,7,0.0
F6,WOA,8,0.0
F6,WOA,9,0.0
F6,WOA,10,0.0
F6,WOA,11,0.0
F6,WOA,12,0.0
F6,WOA,13,0.0
F6,WOA,14,0.0
F6,WOA,15,0.0
F6,WOA,16,0.0
F6,WOA,17,0.0
F6,WOA,18,0.0
F6,WOA,19,0.0
F6,WOA,20,0.0
F6,WOA,21,0.0
F6,WOA,22,0.0
F6,WOA,23,0.0
F6,WOA,24,0.0
F6,WOA,25,0.0
F6,WOA,26,0.0
F6,WOA,27,0.0
F6,WOA,28,0.0
F6,WOA,29,0.0
F6,SCA,0,10.0
F6,SCA,1,208.0
F6,SCA,2,3.0
F6,SCA,3,2.0
F6,SCA,4,0.0
F6,SCA,5,32.0
F6,SCA,6,0.0
F6,SCA,7,3.0
F6,SCA,8,0.0
F6,SCA,9,8.0
F6,SCA,10,8.0
F6,SCA,11,2.0
F6,SCA,12,10.0
F6,SCA,13,42.0
F6,SCA,14,0.0
F6,SCA,15,13.0
F6,SCA,16,6.0
F6,SCA,17,6.0
F6,SCA,18,25.0
F6,SCA,19,3.0
F6,SCA,20,27.0
F6,SCA,21,0.0
F6,SCA,22,1.0
F6,SCA,23,2.0
F6,SCA,24,9.0
F6,SCA,25,16.0
F6,SCA,26,99.0
F6,SCA,27,11.0
F6,SCA,28,26.0
F6,SCA,29,34.0
F6,DE,0,5.0
F6,DE,1,1.0
F6,DE,2,1.0
F6,DE,3,196.0
F6,DE,4,1.0
F6,DE,5,1.0
F6,DE,6,0.0
F6,DE,7,1.0
F6,DE,8,2.0
F6,DE,9,1.0
F6,DE,10,0.0
F6,DE,11,10.0
F6,DE,12,13.0
F6,DE,13,0.0
F6,DE,14,1.0
F6,DE,15,1.0
F6,DE,16,0.0
F6,DE,17,18.0
F6,DE,18,8.0
F6,DE,19,9.0
F6,DE,20,64.0
F6,DE,21,0.0
F6,DE,22,0.0
F6,DE,23,4.0
F6,DE,24,1.0
F6,DE,25,1.0
F6,DE,26,0.0
F6,DE,27,0.0
F6,DE,28,0.0
F6,DE,29,4.0
F6,DRTO-open,0,0.0
F6,DRTO-open,1,0.0
F6,DRTO-open,2,0.0
F6,DRTO-open,3,0.0
F6,DRTO-open,4,0.0
F6,DRTO-open,5,0.0
F6,DRTO-open,6,0.0
F6,DRTO-open,7,0.0
F6,DRTO-open,8,0.0
F6,DRTO-open,9,0.0
F6,DRTO-open,10,0.0
F6,DRTO-open,11,0.0
F6,DRTO-open,12,0.0
F6,DRTO-open,13,0.0
F6,DRTO-open,14,0.0
F6,DRTO-open,15,0.0
F6,DRTO-open,16,0.0
F6,DRTO-open,17,0.0
F6,DRTO-open,18,0.0
F6,DRTO-open,19,0.0
F6,DRTO-open,20,0.0
F6,DRTO-open,21,0.0
F6,DRTO-open,22,0.0
F6,DRTO-open,23,0.0
F6,DRTO-open,24,0.0
F6,DRTO-open,25,0.0
F6,DRTO-open,26,0.0
F6,DRTO-open,27,0.0
F6,DRTO-open,28,0.0
F6,DRTO-open,29,0.0
F7,DRTO,0,0.015285014609396411
F7,DRTO,1,0.006330363875441937
F7,DRTO,2,0.011468212986535085
F7,DRTO,3,0.005656465323194801
F7,DRTO,4,0.016575990545124833
F7,DRTO,5,0.006021682435080178
F7,DRTO,6,0.018808687326409716
F7,DRTO,7,0.006572096960260039
F7,DRTO,8,0.00452935038280284
F7,DRTO,9,0.015730835223071674
F7,DRTO,10,0.012127078652083354
F7,DRTO,11,0.018596600919490145
F7,DRTO,12,0.016792128254084798
F7,DRTO,13,0.007003735845390449
F7,DRTO,14,0.010002875502926698
F7,DRTO,15,0.007395781418003304
F7,DRTO,16,0.016022900775589658
F7,DRTO,17,0.010460841463147524
F7,DRTO,18,0.003307835812019308
F7,DRTO,19,0.01403570140257178
F7,DRTO,20,0.012573709683987416
F7,DRTO,21,0.012839184741558374
F7,DRTO,22,0.010014262582979307
F7,DRTO,23,0.020427060050287195
F7,DRTO,24,0.00890387265544747
F7,DRTO,25,0.015028473854663438
F7,DRTO,26,0.019207611718620607
F7,DRTO,27,0.010902669848729212
F7,DRTO,28,0.03129602455750986
F7,DRTO,29,0.021406882926932252
F7,PSO,0,0.0796254757811044
F7,PSO,1,0.03674890356666456
F7,PSO,2,0.03869099381875907
F7,PSO,3,0.04831455137211433
F7,PSO,4,0.05739563861568955
F7,PSO,5,0.06456491957714262
F7,PSO,6,0.10837205083420523
F7,PSO,7,0.08533864861162593
F7,PSO,8,0.044020743733678584
F7,PSO,9,0.050593202069285304
F7,PSO,10,0.09196598543051748
F7,PSO,11,0.08672152876189121
F7,PSO,12,0.07437423743620572
F7,PSO,13,0.060433423177870454
F7,PSO,14,0.06768355186396094
F7,PSO,15,0.06406460571039929
F7,PSO,16,0.07415400699811814
F7,PSO,17,0.03838737387722694
F7,PSO,18,0.05635124071940021
F7,PSO,19,0.0771723218507744
F7,PSO,20,0.07433050748718664
F7,PSO,21,0.09564441316196598
F7,PSO,22,0.05116058595981897
F7,PSO,23,0.044544209609851754
F7,PSO,24,0.046242621415302526
F7,PSO,25,0.02846939799836571
F7,PSO,26,0.04225000472952026
F7,PSO,27,0.040403524394381676
F7,PSO,28,0.05791108973929333
F7,PSO,29,0.07062582703681661
F7,GA,0,0.07024397383620509
F7,GA,1,0.026660155306656157
F7,GA,2,0.0329783076385754
F7,GA,3,0.06170675327641744
F7,GA,4,0.06958019584743727
F7,GA,5,0.04703662614660511
F7,GA,6,0.04204071153096801
F7,GA,7,0.047245386905428836
F7,GA,8,0.029347395259386087
F7,GA,9,0.05204112188108337
F7,GA,10,0.032446766930771025
F7,GA,11,0.045452008609567995
F7,GA,12,0.0321833654574758
F7,GA,13,0.04855627782657907
F7,GA,14,0.047433238656972354
F7,GA,15,0.060472814852731524
F7,GA,16,0.059912668306258646
F7,GA,17,0.03849030074749906
F7,GA,18,0.026704565935856517
F7,GA,19,0.04002698972922625
F7,GA,20,0.09100179643514711
F7,GA,21,0.03400931838051707
F7,GA,22,0.03512434087608128
F7,GA,23,0.032488901467928155
F7,GA,24,0.06824579262404146
F7,GA,25,0.07708213540190652
F7,GA,26,0.06148727426437329
F7,GA,27,0.033798339938864
F7,GA,28,0.03312649581296296
F7,GA,29,0.07998684405340857
F7,GWO,0,0.004130164561604394
F7,GWO,1,0.0007751983115180774
F7,GWO,2,0.0019492168355592625
F7,GWO,3,0.001107313712463359
F7,GWO,4,0.0012387351996141363
F7,GWO,5,0.001608094906121407
F7,GWO,6,0.00203802755761352
F7,GWO,7,0.00256539746142764
F7,GWO,8,0.0017829677070160424
F7,GWO,9,0.00270466377757204
F7,GWO,10,0.0032462238718050248
F7,GWO,11,0.0028446111672241025
F7,GWO,12,0.003590153810941793
F7,GWO,13,0.001342024306159321
F7,GWO,14,0.0030158586320999286
F7,GWO,15,0.004296542503152426
F7,GWO,16,0.005367786921004683
F7,GWO,17,0.002426228476628167
F7,GWO,18,0.005384733698433745
F7,GWO,19,0.001079853389902928
F7,GWO,20,0.002503127185283805
F7,GWO,21,0.00221548489839016
F7,GWO,22,0.004798067883863578
F7,GWO,23,0.0015307725466100952
F7,GWO,24,0.0008306654496917112
F7,GWO,25,0.003913497589005344
F7,GWO,26,0.0022106761090353306
F7,GWO,27,0.0006946958351934511
F7,GWO,28,0.005090837809410068
F7,GWO,29,0.003797023909233614
F7,DE,0,0.11362548906270041
F7,DE,1,0.09253838544755341
F7,DE,2,0.0678993016317862
F7,DE,3,0.042524675097954316
F7,DE,4,0.0794853661418019
F7,DE,5,0.060215888906969224
F7,DE,6,0.04308787612138915
F7,DE,7,0.10900350351279353
F7,DE,8,0.07994563227958622
F7,DE,9,0.01805718176629499
F7,DE,10,0.08381327118227329
F7,DE,11,0.04340318226293911
F7,DE,12,0.1577473891510597
F7,DE,13,0.07470602150447554
F7,DE,14,0.05321133281060304
F7,DE,15,0.028077867337642164
F7,DE,16,0.085517194834861
F7,DE,17,0.08504043427198997
F7,DE,18,0.10705396007240918
F7,DE,19,0.16924809305149013
F7,DE,20,0.03021064441428251
F7,DE,21,0.04544177620963222
F7,DE,22,0.05481215535445613
F7,DE,23,0.03706524195567875
F7,DE,24,0.11368297653226338
F7,DE,25,0.027257516535147585
F7,DE,26,0.09049510319658362
F7,DE,27,0.11909922733845135
F7,DE,28,0.061051649006493035
F7,DE,29,0.05057603924592066
F7,WOA,0,0.00028136507450940364
F7,WOA,1,0.0004761643154810402
F7,WOA,2,5.662616346526489e-05
F7,WOA,3,0.004248504736149868
F7,WOA,4,0.0003567106092341435
F7,WOA,5,9.89247250750042e-05
F7,WOA,6,0.00011819130234474083
F7,WOA,7,0.0006573154140503324
F7,WOA,8,0.00019276121918698522
F7,WOA,9,0.0007007368794157459
F7,WOA,10,0.000557163945349374
F7,WOA,11,3.287803682744742e-05
F7,WOA,12,0.0003532266345614917
F7,WOA,13,0.00022415427223241313
F7,WOA,14,8.772238096977108e-05
F7,WOA,15,0.0010178682977356394
F7,WOA,16,0.0004058747311526657
F7,WOA,17,0.0015771997928812505
F7,WOA,18,0.0002791524627986803
F7,WOA,19,0.0025499372209327746
F7,WOA,20,0.00010726042611833216
F7,WOA,21,5.6077055216582404e-05
F7,WOA,22,4.246567329732049e-05
F7,WOA,23,0.0068714469800831126
F7,WOA,24,0.0011324993444017171
F7,WOA,25,0.0018838515014863355
F7,WOA,26,0.0007341077431335912
F7,WOA,27,0.0006943722541301554
F7,WOA,28,9.309289888656095e-05
F7,WOA,29,0.00046803834110114466
F7,SCA,0,0.0930612697602998
F7,SCA,1,0.021634759154331246
F7,SCA,2,0.11624062962326001
F7,SCA,3,0.153354859573212
F7,SCA,4,0.041188819518434346
F7,SCA,5,1.0795964093304509
F7,SCA,6,0.016491740753972514
F7,SCA,7,0.0204280018053218
F7,SCA,8,0.07639378752445003
F7,SCA,9,0.06481169575852183
F7,SCA,10,0.02892698677973504
F7,SCA,11,0.13519110043814125
F7,SCA,12,0.027283585222150797
F7,SCA,13,0.062208880212129405
F7,SCA,14,0.10913446478433193
F7,SCA,15,0.03398392266224173
F7,SCA,16,0.1132306093557235
F7,SCA,17,0.3219143344908564
F7,SCA,18,0.004098051819518755
F7,SCA,19,0.018027599825926825
F7,SCA,20,0.03788530353879591
F7,SCA,21,0.0643858118807753
F7,SCA,22,0.1018526562039061
F7,SCA,23,0.22858070482539627
F7,SCA,24,0.07800690537649899
F7,SCA,25,0.6847911356639281
F7,SCA,26,0.06537963680758757
F7,SCA,27,0.09809710841401705
F7,SCA,28,0.058399711258195756
F7,SCA,29,0.03134034481694174
F7,DRTO-open,0,0.03486249702175577
F7,DRTO-open,1,0.023871030219331797
F7,DRTO-open,2,0.01772122168712584
F7,DRTO-open,3,0.028601654920315748
F7,DRTO-open,4,0.01713144797691
F7,DRTO-open,5,0.01448614903855952
F7,DRTO-open,6,0.015942323795743257
F7,DRTO-open,7,0.02762990810814687
F7,DRTO-open,8,0.016400029088608662
F7,DRTO-open,9,0.013619673049145815
F7,DRTO-open,10,0.008348788060588013
F7,DRTO-open,11,0.03712165071536022
F7,DRTO-open,12,0.018123653815998283
F7,DRTO-open,13,0.010406167371472638
F7,DRTO-open,14,0.010520431016238568
F7,DRTO-open,15,0.04438919005493808
F7,DRTO-open,16,0.03794612964831502
F7,DRTO-open,17,0.02158857587875844
F7,DRTO-open,18,0.007741460881226169
F7,DRTO-open,19,0.006496764527837284
F7,DRTO-open,20,0.040951155988857485
F7,DRTO-open,21,0.013970244254888558
F7,DRTO-open,22,0.008181967896103442
F7,DRTO-open,23,0.023105795540696018
F7,DRTO-open,24,0.013978683529988215
F7,DRTO-open,25,0.015078250747035614
F7,DRTO-open,26,0.013639717623306442
F7,DRTO-open,27,0.026561448119678935
F7,DRTO-open,28,0.018253394380408242
F7,DRTO-open,29,0.006260804328637928
F8,PSO,0,3599.762472530845
F8,PSO,1,3837.105864074345
F8,PSO,2,4009.646342018701
F8,PSO,3,2569.4792261335406
F8,PSO,4,3968.807516042585
F8,PSO,5,3896.9983814541883
F8,PSO,6,3659.7517615218894
F8,PSO,7,4365.541706123429
F8,PSO,8,4610.449929650348
F8,PSO,9,4881.110063372091
F8,PSO,10,2907.9971516668575
F8,PSO,11,5605.282255897074
F8,PSO,12,4428.082064122266
F8,PSO,13,5002.264474036859
F8,PSO,14,5237.645107816591
F8,PSO,15,3819.1563240868036
F8,PSO,16,3973.80575178061
F8,PSO,17,4898.695555883331
F8,PSO,18,4466.093067037054
F8,PSO,19,4602.498864944219
F8,PSO,20,3300.015443110793
F8,PSO,21,3884.1904070471683
F8,PSO,22,3998.7464710034055
F8,PSO,23,4097.056112243647
F8,PSO,24,4959.8145161982875
F8,PSO,25,3867.4597780425192
F8,PSO,26,3602.088125715576
F8,PSO,27,4230.0329645490965
F8,PSO,28,2668.220136230517
F8,PSO,29,4780.372046587705
F8,DRTO,0,3312.1023376025787
F8,DRTO,1,2532.484080218037
F8,DRTO,2,3404.344730083214
F8,DRTO,3,2355.101290650906
F8,DRTO,4,3189.52934367936
F8,DRTO,5,1889.6077936266538
F8,DRTO,6,2692.18616502284
F8,DRTO,7,3463.540908763287
F8,DRTO,8,2211.555200020968
F8,DRTO,9,2934.6275478786047
F8,DRTO,10,2733.389432178039
F8,DRTO,11,2223.272141991636
F8,DRTO,12,1453.5897855638996
F8,DRTO,13,2308.1313159861456
F8,DRTO,14,3432.4415301526824
F8,DRTO,15,3313.712197152785
F8,DRTO,16,3009.0332557211914
F8,DRTO,17,2900.2688747350057
F8,DRTO,18,2978.397926898613
F8,DRTO,19,2979.1273965583205
F8,DRTO,20,2847.930846900852
F8,DRTO,21,3230.0919274097378
F8,DRTO,22,2574.2001873400095
F8,DRTO,23,2937.856683111113
F8,DRTO,24,2608.144784274422
F8,DRTO,25,2613.429527934808
F8,DRTO,26,3122.875643671794
F8,DRTO,27,2165.2036647956375
F8,DRTO,28,2778.9105832966015
F8,DRTO,29,2384.3474527154576
F8,GA,0,2009.9465278959688
F8,GA,1,2206.8963789917652
F8,GA,2,2204.349067458581
F8,GA,3,2039.4609004534395
F8,GA,4,2194.2263237376137
F8,GA,5,2150.1241504515165
F8,GA,6,2184.5543260958348
F8,GA,7,2058.57358106384
F8,GA,8,1906.219069912062
F8,GA,9,2602.5367278065187
F8,GA,10,2557.496768869347
F8,GA,11,2044.7906818706379
F8,GA,12,2122.1500439935644
F8,GA,13,1494.2215493065905
F8,GA,14,2721.7304352856445
F8,GA,15,2974.6316425855384
F8,GA,16,2271.7090257133023
F8,GA,17,1811.9179003771678
F8,GA,18,2206.365509078796
F8,GA,19,2250.1159854366706
F8,GA,20,1208.3455037121512
F8,GA,21,2132.9051864065023
F8,GA,22,1899.6826623601246
F8,GA,23,2462.5292780804593
F8,GA,24,1992.972811324531
F8,GA,25,2169.4628857205225
F8,GA,26,2497.8825852800546
F8,GA,27,2401.655943030906
F8,GA,28,1336.7639735133544
F8,GA,29,2561.9712812258113
F8,GWO,0,7152.6345897372275
F8,GWO,1,8569.140374735653
F8,GWO,2,5929.836814302609
F8,GWO,3,5967.863998553984
F8,GWO,4,6288.863027018204
F8,GWO,5,6752.892553315321
F8,GWO,6,5449.108105667264
F8,GWO,7,7354.648547579752
F8,GWO,8,5246.4016420282105
F8,GWO,9,8575.365515181285
F8,GWO,10,5828.853939549427
F8,GWO,11,9141.357611731406
F8,GWO,12,5357.511427085826
F8,GWO,13,6859.427481631602
F8,GWO,14,6126.965703879436
F8,GWO,15,7028.504358076247
F8,GWO,16,5755.019320488302
F8,GWO,17,6849.313383735093
F8,GWO,18,7118.298164806669
F8,GWO,19,6668.982374483341
F8,GWO,20,4507.553235184273
F8,GWO,21,5510.386297566887
F8,GWO,22,5735.768729478986
F8,GWO,23,6943.655908985745
F8,GWO,24,7529.128023195764
F8,GWO,25,7293.350553664922
F8,GWO,26,5712.334294162742
F8,GWO,27,6048.586431937886
F8,GWO,28,5590.966588375
F8,GWO,29,6904.6657023785365
F8,DE,0,5452.101316839967
F8,DE,1,6098.265899756526
F8,DE,2,5256.935281050889
F8,DE,3,3982.4884393521897
F8,DE,4,4119.405445697221
F8,DE,5,3099.505575862395
F8,DE,6,5667.933324504824
F8,DE,7,5247.4805540552325
F8,DE,8,6658.2194820017385
F8,DE,9,3194.7048754977077
F8,DE,10,3597.0458545447746
F8,DE,11,6141.053170972771
F8,DE,12,4852.547691588391
F8,DE,13,2806.2789867437023
F8,DE,14,4855.158568029259
F8,DE,15,4000.3362292124057
F8,DE,16,3195.1342184106707
F8,DE,17,6134.060658013102
F8,DE,18,5536.67648799095
F8,DE,19,6011.149945587856
F8,DE,20,4895.385677556824
F8,DE,21,3298.4230892072046
F8,DE,22,5486.955111042376
F8,DE,23,7218.8652793471665
F8,DE,24,7000.047786326457
F8,DE,25,4852.58269569883
F8,DE,26,6542.717869417189
F8,DE,27,5265.176027815632
F8,DE,28,3762.633943499777
F8,DE,29,6012.847081951082
F8,WOA,0,0.9631479738327471
F8,WOA,1,349.8219605155573
F8,WOA,2,0.00038182698881428223
F8,WOA,3,12.364636509239062
F8,WOA,4,0.00038182698881428223
F8,WOA,5,1.3459886215132428
F8,WOA,6,5.352706699437476
F8,WOA,7,5.962579714898311
F8,WOA,8,1.2527034503673349
F8,WOA,9,0.00038182762000360526
F8,WOA,10,147.65565544924357
F8,WOA,11,1.3032964418398478
F8,WOA,12,0.22658382506597263
F8,WOA,13,1.4760244758599583
F8,WOA,14,0.5298244404912111
F8,WOA,15,13.537928777555862
F8,WOA,16,0.00039001262666715775
F8,WOA,17,0.00038182698699529283
F8,WOA,18,0.0819486919499468
F8,WOA,19,122.58088604009026
F8,WOA,20,2.4148559658569866
F8,WOA,21,4105.452913954814
F8,WOA,22,228.57412214160468
F8,WOA,23,0.00038182699063327163
F8,WOA,24,2.153281163313295
F8,WOA,25,363.7613848495512
F8,WOA,26,118.4387249563406
F8,WOA,27,0.0009999376761697931
F8,WOA,28,0.041723073800312704
F8,WOA,29,0.9915609733525343
F8,SCA,0,9211.496123881449
F8,SCA,1,8845.226657729781
F8,SCA,2,8489.988321530385
F8,SCA,3,9071.979025975383
F8,SCA,4,9121.4184948033
F8,SCA,5,9266.203948516488
F8,SCA,6,9109.36742343114
F8,SCA,7,9023.70317093779
F8,SCA,8,8376.830651901535
F8,SCA,9,9052.170743073875
F8,SCA,10,9183.193758899135
F8,SCA,11,8429.060827900083
F8,SCA,12,8411.528211501598
F8,SCA,13,9168.672720675379
F8,SCA,14,8811.662282290936
F8,SCA,15,8876.664029750662
F8,SCA,16,9155.68317975161
F8,SCA,17,9080.316589724878
F8,SCA,18,9127.602151993271
F8,SCA,19,9011.84192486247
F8,SCA,20,8138.2795602679225
F8,SCA,21,8329.927877500668
F8,SCA,22,7971.4488373697
F8,SCA,23,9004.17949846177
F8,SCA,24,8466.153968962002
F8,SCA,25,8980.510505054139
F8,SCA,26,9112.474024906891
F8,SCA,27,9044.509469637438
F8,SCA,28,9116.172424375894
F8,SCA,29,8839.123650753538
F8,DRTO-open,0,2821.5771713046233
F8,DRTO-open,1,3296.0906760455964
F8,DRTO-open,2,2762.5229076106752
F8,DRTO-open,3,2643.913289070728
F8,DRTO-open,4,2722.542096258745
F8,DRTO-open,5,2773.09256375533
F8,DRTO-open,6,3205.299687610752
F8,DRTO-open,7,2920.697600142159
F8,DRTO-open,8,2742.2999441237116
F8,DRTO-open,9,3417.502501218609
F8,DRTO-open,10,3437.079200189959
F8,DRTO-open,11,2884.8053717225357
F8,DRTO-open,12,3440.7527711617968
F8,DRTO-open,13,3731.1050386475
F8,DRTO-open,14,2552.9101475617044
F8,DRTO-open,15,3388.308712171425
F8,DRTO-open,16,2936.2148822786203
F8,DRTO-open,17,2539.585681627812
F8,DRTO-open,18,2149.0701778631865
F8,DRTO-open,19,3148.89739014706
F8,DRTO-open,20,2881.041212541004
F8,DRTO-open,21,3222.524047727273
F8,DRTO-open,22,2889.6687830451847
F8,DRTO-open,23,2705.891707442357
F8,DRTO-open,24,3573.65009257151
F8,DRTO-open,25,3072.233234224659
F8,DRTO-open,26,3217.322987943011
F8,DRTO-open,27,3288.082945424956
F8,DRTO-open,28,3080.7137865147797
F8,DRTO-open,29,2662.5293221089523
F9,PSO,0,59.69580702804466
F9,PSO,1,46.18057725546805
F9,PSO,2,50.96534445039853
F9,PSO,3,58.71360612995272
F9,PSO,4,58.06053110313087
F9,PSO,5,84.32071594408922
F9,PSO,6,41.9716828074543
F9,PSO,7,46.24139556082963
F9,PSO,8,40.93200221237534
F9,PSO,9,46.8945472858442
F9,PSO,10,71.74338936776417
F9,PSO,11,38.96162379065354
F9,PSO,12,41.03052253406993
F9,PSO,13,53.53863976799736
F9,PSO,14,35.41419274433977
F9,PSO,15,72.48142760716043
F9,PSO,16,84.5543562966594
F9,PSO,17,48.24892131325725
F9,PSO,18,76.76492623988766
F9,PSO,19,72.98581484613689
F9,PSO,20,52.39469855950397
F9,PSO,21,52.947756757360125
F9,PSO,22,71.23665672917606
F9,PSO,23,64.02907449974315
F9,PSO,24,76.08288250654412
F9,PSO,25,80.74302390199607
F9,PSO,26,88.50694080351371
F9,PSO,27,88.84566714927611
F9,PSO,28,71.98656280700297
F9,PSO,29,57.30928745221139
F9,DRTO,0,38.9216666496447
F9,DRTO,1,35.257578649209734
F9,DRTO,2,26.842383998692405
F9,DRTO,3,36.452202119206916
F9,DRTO,4,41.88617989770805
F9,DRTO,5,32.90289239383508
F9,DRTO,6,34.16938561716573
F9,DRTO,7,35.22950367614901
F9,DRTO,8,30.22654993860395
F9,DRTO,9,37.64228828910366
F9,DRTO,10,36.16745579601823
F9,DRTO,11,33.476211127180555
F9,DRTO,12,30.20582128162456
F9,DRTO,13,34.13328811224441
F9,DRTO,14,44.05360569811919
F9,DRTO,15,37.58610359315527
F9,DRTO,16,29.60197263642553
F9,DRTO,17,44.87260614780038
F9,DRTO,18,28.858264186795928
F9,DRTO,19,39.55261053470011
F9,DRTO,20,37.96751952142213
F9,DRTO,21,34.941595671163896
F9,DRTO,22,37.886358702894796
F9,DRTO,23,39.96824191016084
F9,DRTO,24,43.469164552142765
F9,DRTO,25,35.49334736830629
F9,DRTO,26,29.741577867993996
F9,DRTO,27,35.31843670280131
F9,DRTO,28,39.89877462711627
F9,DRTO,29,35.38490298434591
F9,GA,0,11.807201692735385
F9,GA,1,19.13919887720167
F9,GA,2,31.196181252530316
F9,GA,3,23.37690283743463
F9,GA,4,30.39528611689687
F9,GA,5,27.491873176000226
F9,GA,6,19.819153178239038
F9,GA,7,21.045741929489417
F9,GA,8,18.909962705612053
F9,GA,9,27.89269921642343
F9,GA,10,20.090096737447098
F9,GA,11,17.36674523462294
F9,GA,12,23.426503240640415
F9,GA,13,23.408088195110317
F9,GA,14,19.60604675540024
F9,GA,15,19.62217256589756
F9,GA,16,20.997025415522074
F9,GA,17,38.14557489210127
F9,GA,18,20.963102752948508
F9,GA,19,29.607623395972077
F9,GA,20,21.52031351740999
F9,GA,21,19.448244705947545
F9,GA,22,31.816029635409542
F9,GA,23,33.08052031784901
F9,GA,24,28.65575044352054
F9,GA,25,27.80549093921592
F9,GA,26,28.16505980579888
F9,GA,27,30.679505121964553
F9,GA,28,36.21041033837349
F9,GA,29,26.024135963350922
F9,GWO,0,12.226157135911892
F9,GWO,1,0.0
F9,GWO,2,3.6801451140449704
F9,GWO,3,5.610592057571779
F9,GWO,4,5.102554794080849
F9,GWO,5,18.583519520031146
F9,GWO,6,13.565849927767012
F9,GWO,7,7.536906200312815
F9,GWO,8,0.0
F9,GWO,9,18.43623333478988
F9,GWO,10,19.446773926201807
F9,GWO,11,2.162481989900513
F9,GWO,12,0.0
F9,GWO,13,12.270741405677853
F9,GWO,14,17.312732228590114
F9,GWO,15,5.670540222694511
F9,GWO,16,19.071371148241276
F9,GWO,17,18.143346377541402
F9,GWO,18,0.0
F9,GWO,19,7.974810001615703
F9,GWO,20,0.0
F9,GWO,21,9.059625095358824
F9,GWO,22,3.642922492456643
F9,GWO,23,1.0113693615054284
F9,GWO,24,11.23896087336025
F9,GWO,25,2.3172830685561916
F9,GWO,26,7.280986871418881
F9,GWO,27,11.12335109516954
F9,GWO,28,17.991519790297247
F9,GWO,29,9.244163296450084
F9,DE,0,152.17093371691465
F9,DE,1,195.0865882344596
F9,DE,2,165.65320923052704
F9,DE,3,109.52598351532248
F9,DE,4,187.60049645682383
F9,DE,5,110.5461194281875
F9,DE,6,132.18653007042957
F9,DE,7,146.33068500437307
F9,DE,8,113.40148872782065
F9,DE,9,160.618005506768
F9,DE,10,132.04038534817792
F9,DE,11,95.40897758385415
F9,DE,12,176.7005745836887
F9,DE,13,101.66680881837739
F9,DE,14,181.19753619787184
F9,DE,15,129.46382716476816
F9,DE,16,70.31644172829658
F9,DE,17,126.03595548157121
F9,DE,18,100.81149606913536
F9,DE,19,164.2927006558251
F9,DE,20,176.76038429406913
F9,DE,21,131.32171560951173
F9,DE,22,102.60901481761056
F9,DE,23,161.93030931046817
F9,DE,24,133.83701884048685
F9,DE,25,162.73975015416056
F9,DE,26,173.9319981233123
F9,DE,27,158.381965921358
F9,DE,28,182.1184749942682
F9,DE,29,111.6262200229351
F9,WOA,0,0.0
F9,WOA,1,0.0
F9,WOA,2,0.0
F9,WOA,3,0.0
F9,WOA,4,0.0
F9,WOA,5,0.0
F9,WOA,6,0.0
F9,WOA,7,0.0
F9,WOA,8,0.0
F9,WOA,9,0.0
F9,WOA,10,0.0
F9,WOA,11,0.0
F9,WOA,12,0.0
F9,WOA,13,0.0
F9,WOA,14,0.0
F9,WOA,15,0.0
F9,WOA,16,0.0
F9,WOA,17,0.0
F9,WOA,18,0.0
F9,WOA,19,0.0
F9,WOA,20,0.0
F9,WOA,21,0.0
F9,WOA,22,0.0
F9,WOA,23,0.0
F9,WOA,24,0.0
F9,WOA,25,0.0
F9,WOA,26,0.0
F9,WOA,27,0.0
F9,WOA,28,0.0
F9,WOA,29,0.0
F9,SCA,0,59.41004130165769
F9,SCA,1,75.93579324939107
F9,SCA,2,80.51786536975474
F9,SCA,3,31.27463046575155
F9,SCA,4,40.68326657027402
F9,SCA,5,30.372569617778325
F9,SCA,6,7.788026990206566
F9,SCA,7,0.032325753736927254
F9,SCA,8,0.960151330661482
F9,SCA,9,118.71823232430017
F9,SCA,10,46.904756307928125
F9,SCA,11,105.16217433683777
F9,SCA,12,109.92629605740777
F9,SCA,13,33.41454891708809
F9,SCA,14,14.344218858247011
F9,SCA,15,0.07616080965173921
F9,SCA,16,40.28200419565234
F9,SCA,17,54.59588830491543
F9,SCA,18,60.91731094563575
F9,SCA,19,0.03243027011382438
F9,SCA,20,76.92426102368589
F9,SCA,21,33.4055299236921
F9,SCA,22,5.452741481481665
F9,SCA,23,133.06470175105227
F9,SCA,24,66.6198717984078
F9,SCA,25,38.032527614458424
F9,SCA,26,0.9002744605547832
F9,SCA,27,31.93818874471725
F9,SCA,28,22.054231614623077
F9,SCA,29,90.32262121579785
F9,DRTO-open,0,39.614476765538754
F9,DRTO-open,1,28.327450144567088
F9,DRTO-open,2,34.26814038051177
F9,DRTO-open,3,44.420873809239595
F9,DRTO-open,4,30.931826490874734
F9,DRTO-open,5,34.41465318022164
F9,DRTO-open,6,46.006390105715674
F9,DRTO-open,7,38.98934298741291
F9,DRTO-open,8,36.77585151221758
F9,DRTO-open,9,38.69839700337491
F9,DRTO-open,10,31.52750005857792
F9,DRTO-open,11,35.59847843348151
F9,DRTO-open,12,36.204057284230956
F9,DRTO-open,13,33.721416494250846
F9,DRTO-open,14,31.339574671955162
F9,DRTO-open,15,39.383818167020415
F9,DRTO-open,16,42.92434725995489
F9,DRTO-open,17,35.17034353726995
F9,DRTO-open,18,30.38410190022232
F9,DRTO-open,19,32.69782191361932
F9,DRTO-open,20,37.87526761614297
F9,DRTO-open,21,31.522019933691826
F9,DRTO-open,22,38.17039279124463
F9,DRTO-open,23,38.84610364979844
F9,DRTO-open,24,26.198223593243505
F9,DRTO-open,25,41.217113164746415
F9,DRTO-open,26,33.71687099655847
F9,DRTO-open,27,40.04666463197562
F9,DRTO-open,28,36.98833609944092
F9,DRTO-open,29,36.269166270295585
F10,PSO,0,0.7964157648600403
F10,PSO,1,1.5832698142705977
F10,PSO,2,1.3559011158376895
F10,PSO,3,1.8146444582949504
F10,PSO,4,1.3707509781320693
F10,PSO,5,0.24703833298628952
F10,PSO,6,1.0807908370739168
F10,PSO,7,0.3292310026010772
F10,PSO,8,0.23911108328806607
F10,PSO,9,1.362053387077467
F10,PSO,10,0.9366767707756627
F10,PSO,11,1.668944590987277
F10,PSO,12,1.455441213956885
F10,PSO,13,1.8246234560302423
F10,PSO,14,1.5022447704852593
F10,PSO,15,0.27488321631322465
F10,PSO,16,1.599996465966122
F10,PSO,17,1.4275003553687786
F10,PSO,18,2.451398751373898
F10,PSO,19,0.23074013201265986
F10,PSO,20,1.2409294844494458
F10,PSO,21,0.9079545155515523
F10,PSO,22,0.20156454744785224
F10,PSO,23,2.0496771510573386
F10,PSO,24,0.09557146813484296
F10,PSO,25,2.7119693599240873
F10,PSO,26,1.5205614878569098
F10,PSO,27,2.5524907289297336
F10,PSO,28,1.2722426061311691
F10,PSO,29,0.10731330608150502
F10,DRTO,0,2.457394274291147e-06
F10,DRTO,1,2.111359333145657e-06
F10,DRTO,2,2.6153158008135335e-06
F10,DRTO,3,2.1950830917383257e-06
F10,DRTO,4,2.252775918254457e-06
F10,DRTO,5,2.0251909131907553e-06
F10,DRTO,6,1.8899835443342283e-06
F10,DRTO,7,2.668816471373958e-06
F10,DRTO,8,2.35685111293904e-06
F10,DRTO,9,2.5600813704507175e-06
F10,DRTO,10,2.5170344604141803e-06
F10,DRTO,11,1.8122192675384952e-06
F10,DRTO,12,2.004326490112618e-06
F10,DRTO,13,2.2448919492212838e-06
F10,DRTO,14,2.2246615256626967e-06
F10,DRTO,15,2.4797359192696433e-06
F10,DRTO,16,2.3938646802612595e-06
F10,DRTO,17,2.3980439682880217e-06
F10,DRTO,18,2.536912437012262e-06
F10,DRTO,19,2.0560733635655026e-06
F10,DRTO,20,2.1332303536958364e-06
F10,DRTO,21,2.255845992227279e-06
F10,DRTO,22,2.5310539837342105e-06
F10,DRTO,23,2.462824359117377e-06
F10,DRTO,24,2.3684906449439325e-06
F10,DRTO,25,2.3679138121401877e-06
F10,DRTO,26,1.9434709348509216e-06
F10,DRTO,27,2.5846450708577606e-06
F10,DRTO,28,2.1432208936467134e-06
F10,DRTO,29,2.358391924861536e-06
F10,GA,0,1.061353785116982
F10,GA,1,1.6764788529191397
F10,GA,2,1.4657808302342343
F10,GA,3,2.421930298316291
F10,GA,4,2.3873253351034767
F10,GA,5,0.9844299074324856
F10,GA,6,1.5765396085696008
F10,GA,7,1.240876010736749
F10,GA,8,2.133682487499826
F10,GA,9,2.1444343628415976
F10,GA,10,2.7455396471573654
F10,GA,11,1.933150410088651
F10,GA,12,1.7728835042110203
F10,GA,13,1.6911120175570962
F10,GA,14,0.9959146968887116
F10,GA,15,2.4614831110906334
F10,GA,16,1.4711995859064797
F10,GA,17,0.21981722559605332
F10,GA,18,1.2175811402079053
F10,GA,19,0.9761400813810792
F10,GA,20,1.3638321901196773
F10,GA,21,1.3129373398523332
F10,GA,22,1.6386475570695365
F10,GA,23,1.9796923630625902
F10,GA,24,1.4988018877239218
F10,GA,25,1.6184015752616827
F10,GA,26,1.6297260209287399
F10,GA,27,1.381303249443651
F10,GA,28,0.878934549651913
F10,GA,29,1.724999445313689
F10,GWO,0,3.952393967665557e-14
F10,GWO,1,2.886579864025407e-14
F10,GWO,2,2.886579864025407e-14
F10,GWO,3,3.241851231905457e-14
F10,GWO,4,3.241851231905457e-14
F10,GWO,5,3.241851231905457e-14
F10,GWO,6,2.886579864025407e-14
F10,GWO,7,3.241851231905457e-14
F10,GWO,8,3.952393967665557e-14
F10,GWO,9,3.952393967665557e-14
F10,GWO,10,3.952393967665557e-14
F10,GWO,11,3.952393967665557e-14
F10,GWO,12,3.952393967665557e-14
F10,GWO,13,3.241851231905457e-14
F10,GWO,14,3.952393967665557e-14
F10,GWO,15,3.241851231905457e-14
F10,GWO,16,2.886579864025407e-14
F10,GWO,17,2.886579864025407e-14
F10,GWO,18,2.886579864025407e-14
F10,GWO,19,3.952393967665557e-14
F10,GWO,20,2.886579864025407e-14
F10,GWO,21,3.952393967665557e-14
F10,GWO,22,3.952393967665557e-14
F10,GWO,23,4.3076653355456074e-14
F10,GWO,24,3.241851231905457e-14
F10,GWO,25,3.241851231905457e-14
F10,GWO,26,3.241851231905457e-14
F10,GWO,27,3.952393967665557e-14
F10,GWO,28,3.241851231905457e-14
F10,GWO,29,3.241851231905457e-14
F10,WOA,0,3.9968028886505635e-15
F10,WOA,1,3.9968028886505635e-15
F10,WOA,2,3.9968028886505635e-15
F10,WOA,3,3.9968028886505635e-15
F10,WOA,4,3.9968028886505635e-15
F10,WOA,5,3.9968028886505635e-15
F10,WOA,6,4.440892098500626e-16
F10,WOA,7,3.9968028886505635e-15
F10,WOA,8,4.440892098500626e-16
F10,WOA,9,4.440892098500626e-16
F10,WOA,10,4.440892098500626e-16
F10,WOA,11,3.9968028886505635e-15
F10,WOA,12,3.9968028886505635e-15
F10,WOA,13,7.549516567451064e-15
F10,WOA,14,3.9968028886505635e-15
F10,WOA,15,4.440892098500626e-16
F10,WOA,16,4.440892098500626e-16
F10,WOA,17,7.549516567451064e-15
F10,WOA,18,3.9968028886505635e-15
F10,WOA,19,7.549516567451064e-15
F10,WOA,20,4.440892098500626e-16
F10,WOA,21,4.440892098500626e-16
F10,WOA,22,3.9968028886505635e-15
F10,WOA,23,3.9968028886505635e-15
F10,WOA,24,3.9968028886505635e-15
F10,WOA,25,4.440892098500626e-16
F10,WOA,26,4.440892098500626e-16
F10,WOA,27,3.9968028886505635e-15
F10,WOA,28,4.440892098500626e-16
F10,WOA,29,3.9968028886505635e-15
F10,DE,0,3.0902161362265486
F10,DE,1,1.3412137580634647
F10,DE,2,0.9314714776687372
F10,DE,3,2.8138452113698738
F10,DE,4,1.7753923940889007
F10,DE,5,0.006220975270462947
F10,DE,6,0.9314177264260413
F10,DE,7,1.1576140974186733
F10,DE,8,0.37788971714909225
F10,DE,9,1.7771531115508172
F10,DE,10,2.9585503672677373
F10,DE,11,1.5019568038123663
F10,DE,12,0.029744513217217605
F10,DE,13,1.155360519642088
F10,DE,14,0.9691336398649004
F10,DE,15,3.651198161921077
F10,DE,16,0.9376894523273589
F10,DE,17,0.21597117389206888
F10,DE,18,0.9320464408080444
F10,DE,19,0.008148823752446521
F10,DE,20,0.5727426216364191
F10,DE,21,0.014161140149401508
F10,DE,22,2.337084936083731
F10,DE,23,0.9313977540644243
F10,DE,24,2.2204883862535394
F10,DE,25,2.6710782208683708
F10,DE,26,1.1553598374853178
F10,DE,27,1.3409284684847091
F10,DE,28,1.1563640612039738
F10,DE,29,1.1552206896990218
F10,SCA,0,0.7235957865977451
F10,SCA,1,20.328221174599456
F10,SCA,2,13.504995518792546
F10,SCA,3,17.996780405763833
F10,SCA,4,20.310284630133175
F10,SCA,5,3.0745199691892897
F10,SCA,6,20.211290851137377
F10,SCA,7,7.010056389773039
F10,SCA,8,19.538268613690615
F10,SCA,9,3.323179481621495
F10,SCA,10,20.20303399230206
F10,SCA,11,20.08947914995677
F10,SCA,12,2.1652650650913334
F10,SCA,13,20.231629429698152
F10,SCA,14,1.928140902469544
F10,SCA,15,20.247002264205765
F10,SCA,16,20.16910999765875
F10,SCA,17,0.5605097586093639
F10,SCA,18,2.9149386252662777
F10,SCA,19,20.348004544918275
F10,SCA,20,20.250827338152206
F10,SCA,21,20.24302849535988
F10,SCA,22,0.06646583978615483
F10,SCA,23,7.536011443547395
F10,SCA,24,4.445645480163105
F10,SCA,25,20.299871948670702
F10,SCA,26,20.215658130217584
F10,SCA,27,20.361195202440534
F10,SCA,28,20.315306244572835
F10,SCA,29,20.210811423889364
F10,DRTO-open,0,1.1500420495913488e-06
F10,DRTO-open,1,1.1487732263226746e-06
F10,DRTO-open,2,1.1512913542510717e-06
F10,DRTO-open,3,1.1254889185075e-06
F10,DRTO-open,4,1.3725262317798581e-06
F10,DRTO-open,5,1.0089285322756325e-06
F10,DRTO-open,6,1.1339608581018013e-06
F10,DRTO-open,7,1.3962028515557279e-06
F10,DRTO-open,8,1.081718899786921e-06
F10,DRTO-open,9,1.326248913802175e-06
F10,DRTO-open,10,1.2339965036467504e-06
F10,DRTO-open,11,1.3402263445705387e-06
F10,DRTO-open,12,1.0498835192329636e-06
F10,DRTO-open,13,1.2580281496532564e-06
F10,DRTO-open,14,1.1556732997242136e-06
F10,DRTO-open,15,1.3774091383034204e-06
F10,DRTO-open,16,1.1844353839940425e-06
F10,DRTO-open,17,1.0630107891707041e-06
F10,DRTO-open,18,1.0444036360190978e-06
F10,DRTO-open,19,1.203343785949329e-06
F10,DRTO-open,20,1.2149441848130493e-06
F10,DRTO-open,21,1.2471522912171906e-06
F10,DRTO-open,22,1.266804123378762e-06
F10,DRTO-open,23,1.2489855945041484e-06
F10,DRTO-open,24,1.1945548021863317e-06
F10,DRTO-open,25,1.2507367128655744e-06
F10,DRTO-open,26,1.3652338499703376e-06
F10,DRTO-open,27,1.2316683428714725e-06
F10,DRTO-open,28,1.2424142465938814e-06
F10,DRTO-open,29,1.2347393085754277e-06
F11,DRTO,0,5.79078242690656e-07
F11,DRTO,1,3.258810998829631e-10
F11,DRTO,2,6.76044668634912e-06
F11,DRTO,3,0.013893180797373228
F11,DRTO,4,0.0012276508423911814
F11,DRTO,5,2.6084399340486897e-07
F11,DRTO,6,1.322105206880142e-05
F11,DRTO,7,0.000486873644469088
F11,DRTO,8,2.0302723968690373e-07
F11,DRTO,9,0.0014932397781415307
F11,DRTO,10,3.0539009099328496e-09
F11,DRTO,11,0.001098008106916848
F11,DRTO,12,2.3615823692146876e-06
F11,DRTO,13,6.005349295623574e-08
F11,DRTO,14,4.12075151778879e-10
F11,DRTO,15,0.00020313483156786383
F11,DRTO,16,0.00860689515903601
F11,DRTO,17,3.4618212962911343e-08
F11,DRTO,18,0.00329890099980934
F11,DRTO,19,2.239274987658746e-09
F11,DRTO,20,5.437787730100396e-07
F11,DRTO,21,0.004023142137835167
F11,DRTO,22,1.2804324900361763e-07
F11,DRTO,23,7.793127254629439e-10
F11,DRTO,24,0.0005412464949744455
F11,DRTO,25,1.9416281144879477e-05
F11,DRTO,26,0.00017962125581671984
F11,DRTO,27,2.5143684601047767e-07
F11,DRTO,28,0.00042130941856810544
F11,DRTO,29,0.0008141075354388683
F11,PSO,0,0.5062235996105311
F11,PSO,1,0.31932490234450417
F11,PSO,2,0.6618940726779907
F11,PSO,3,0.6790528617646688
F11,PSO,4,0.9436123919575916
F11,PSO,5,0.7152886134439578
F11,PSO,6,0.3791816739382683
F11,PSO,7,0.570817359115384
F11,PSO,8,0.5685395138333516
F11,PSO,9,0.5188550828695236
F11,PSO,10,0.8815604470066245
F11,PSO,11,0.6005767072174977
F11,PSO,12,0.14218426463981926
F11,PSO,13,0.9640288495645108
F11,PSO,14,0.4691136742432537
F11,PSO,15,0.7535790252148301
F11,PSO,16,0.4682057252086783
F11,PSO,17,0.4050951189205524
F11,PSO,18,0.36036444690929237
F11,PSO,19,0.8319215537533554
F11,PSO,20,0.2990628206074418
F11,PSO,21,0.8490806400017032
F11,PSO,22,0.8564150430872384
F11,PSO,23,0.987428915340356
F11,PSO,24,0.5936933301528557
F11,PSO,25,0.7721280881497107
F11,PSO,26,0.40185944105841054
F11,PSO,27,0.8655486615345972
F11,PSO,28,0.8789947338960648
F11,PSO,29,0.49059192823596576
F11,GA,0,1.0247720125263777
F11,GA,1,1.0415458054544122
F11,GA,2,1.0761471760181844
F11,GA,3,1.0582175560331402
F11,GA,4,1.0493856353953934
F11,GA,5,1.0529706749803693
F11,GA,6,1.0387206078873115
F11,GA,7,1.0573851702449246
F11,GA,8,1.0451962430765491
F11,GA,9,1.0395448493221233
F11,GA,10,1.004329345121455
F11,GA,11,1.0830030760235967
F11,GA,12,0.982116799688407
F11,GA,13,1.0255907839332183
F11,GA,14,1.061013203446613
F11,GA,15,1.041528944087734
F11,GA,16,1.041176959060483
F11,GA,17,1.028152274486331
F11,GA,18,1.0253698251874517
F11,GA,19,1.0596128475347333
F11,GA,20,1.0369969570309876
F11,GA,21,1.0625995248291702
F11,GA,22,1.041494329739292
F11,GA,23,1.0348609826523218
F11,GA,24,1.077225933108111
F11,GA,25,1.0645577232161076
F11,GA,26,1.0425041635924444
F11,GA,27,1.0580298425990948
F11,GA,28,1.0205124230886562
F11,GA,29,1.0291611592936516
F11,GWO,0,0.0
F11,GWO,1,0.0
F11,GWO,2,0.0
F11,GWO,3,0.036469054458858174
F11,GWO,4,0.011915843714792262
F11,GWO,5,0.011755863367732489
F11,GWO,6,0.0
F11,GWO,7,0.0
F11,GWO,8,0.0
F11,GWO,9,0.0
F11,GWO,10,0.0
F11,GWO,11,0.0
F11,GWO,12,0.0
F11,GWO,13,0.025605038789259904
F11,GWO,14,0.014666402714222593
F11,GWO,15,0.0
F11,GWO,16,0.0
F11,GWO,17,0.023077647784280786
F11,GWO,18,0.0
F11,GWO,19,0.0
F11,GWO,20,0.0
F11,GWO,21,0.01605090725220848
F11,GWO,22,0.010629282349292724
F11,GWO,23,0.0
F11,GWO,24,0.0
F11,GWO,25,0.0
F11,GWO,26,0.0
F11,GWO,27,0.0
F11,GWO,28,0.0
F11,GWO,29,0.0
F11,DE,0,0.0455072536194947
F11,DE,1,0.047108668821027266
F11,DE,2,0.025756871019123384
F11,DE,3,0.2824757659618996
F11,DE,4,0.061555528637307844
F11,DE,5,0.20498722724120066
F11,DE,6,0.0028976457530315303
F11,DE,7,0.0020182274915243603
F11,DE,8,0.6548651248745594
F11,DE,9,0.028953110229806955
F11,DE,10,0.020731748890667645
F11,DE,11,0.04719718729394884
F11,DE,12,0.013581153048023098
F11,DE,13,0.025288505943996675
F11,DE,14,0.5933981782466872
F11,DE,15,1.8889087012327639
F11,DE,16,0.1500880380585864
F11,DE,17,0.4428761699899354
F11,DE,18,0.036895691464739366
F11,DE,19,0.01843637519079333
F11,DE,20,0.05915466919771639
F11,DE,21,0.1493143448270302
F11,DE,22,0.01254569510395187
F11,DE,23,0.07007181040439647
F11,DE,24,0.036585941101428654
F11,DE,25,0.01975352471745495
F11,DE,26,0.04800775461349982
F11,DE,27,0.1786975850824869
F11,DE,28,0.7721868387113549
F11,DE,29,0.043901655214327207
F11,WOA,0,0.0
F11,WOA,1,0.0
F11,WOA,2,0.0
F11,WOA,3,0.0
F11,WOA,4,0.0
F11,WOA,5,0.0
F11,WOA,6,0.0
F11,WOA,7,0.0
F11,WOA,8,0.0
F11,WOA,9,0.0
F11,WOA,10,0.0
F11,WOA,11,0.0
F11,WOA,12,0.0
F11,WOA,13,0.0
F11,WOA,14,0.0
F11,WOA,15,0.0
F11,WOA,16,0.0
F11,WOA,17,0.0
F11,WOA,18,0.0
F11,WOA,19,0.0
F11,WOA,20,0.0
F11,WOA,21,0.0
F11,WOA,22,0.0
F11,WOA,23,0.0
F11,WOA,24,0.0
F11,WOA,25,0.0
F11,WOA,26,0.0
F11,WOA,27,0.0
F11,WOA,28,0.0
F11,WOA,29,0.0
F11,SCA,0,0.5673978256576311
F11,SCA,1,1.2134339019100056
F11,SCA,2,1.1198921070661527
F11,SCA,3,1.1340058613606498
F11,SCA,4,0.9707204723872316
F11,SCA,5,0.8701526977572819
F11,SCA,6,1.0225969926285825
F11,SCA,7,1.0395208732168453
F11,SCA,8,1.0369827109698027
F11,SCA,9,1.3051899103123008
F11,SCA,10,0.8877485583414875
F11,SCA,11,1.3540004614500663
F11,SCA,12,1.3579119611357118
F11,SCA,13,0.33198194885857735
F11,SCA,14,1.050076481251449
F11,SCA,15,0.7215522266027643
F11,SCA,16,1.1633045530264914
F11,SCA,17,0.05111209247848014
F11,SCA,18,0.24309553966780462
F11,SCA,19,1.0335561481621944
F11,SCA,20,1.0045993661991741
F11,SCA,21,0.3192698503759275
F11,SCA,22,0.8571882832726566
F11,SCA,23,1.0811755663716829
F11,SCA,24,1.0443648811538806
F11,SCA,25,0.862472023671336
F11,SCA,26,0.8353610890043142
F11,SCA,27,0.7018294353989376
F11,SCA,28,1.3268705998356185
F11,SCA,29,1.0581629167059177
F11,DRTO-open,0,9.479588692018481e-06
F11,DRTO-open,1,9.594505008925225e-06
F11,DRTO-open,2,3.7903832028618467e-06
F11,DRTO-open,3,0.0007791969395191112
F11,DRTO-open,4,1.1598641758148176e-07
F11,DRTO-open,5,1.399174031924133e-05
F11,DRTO-open,6,4.258260410949788e-10
F11,DRTO-open,7,1.1135352060431813e-06
F11,DRTO-open,8,2.932170606428919e-06
F11,DRTO-open,9,2.9716418215031126e-10
F11,DRTO-open,10,2.4856962044239594e-09
F11,DRTO-open,11,2.2081518306071857e-06
F11,DRTO-open,12,0.009873043239055135
F11,DRTO-open,13,3.712623641849433e-08
F11,DRTO-open,14,3.3554256073653477e-07
F11,DRTO-open,15,3.118691005443708e-08
F11,DRTO-open,16,1.6598711294335544e-10
F11,DRTO-open,17,0.0074063664061818635
F11,DRTO-open,18,2.633738260815477e-08
F11,DRTO-open,19,7.53914728279792e-06
F11,DRTO-open,20,4.418863408517382e-08
F11,DRTO-open,21,1.1916857867166897e-07
F11,DRTO-open,22,2.8186325051748895e-08
F11,DRTO-open,23,6.839819902459965e-06
F11,DRTO-open,24,9.150120753642632e-06
F11,DRTO-open,25,1.1208210893842718e-06
F11,DRTO-open,26,0.000150031904209591
F11,DRTO-open,27,6.837442863005805e-06
F11,DRTO-open,28,0.007501134720131586
F11,DRTO-open,29,1.46281109447699e-09
F12,PSO,0,0.4397217063615074
F12,PSO,1,0.1542709404784762
F12,PSO,2,0.0046065110650838235
F12,PSO,3,0.12730229630036388
F12,PSO,4,0.10541271160969297
F12,PSO,5,0.02788651706021503
F12,PSO,6,0.3376072442229436
F12,PSO,7,0.44469194881809
F12,PSO,8,0.1843174490986464
F12,PSO,9,0.21596377012486406
F12,PSO,10,1.191100902585
F12,PSO,11,0.3905737456867414
F12,PSO,12,0.5084512882323524
F12,PSO,13,0.009086091333448043
F12,PSO,14,0.3943098587390808
F12,PSO,15,0.2948003409621319
F12,PSO,16,0.47060062647135076
F12,PSO,17,0.0931262671577331
F12,PSO,18,0.00640155067839356
F12,PSO,19,0.008233580220170992
F12,PSO,20,0.4315842668995665
F12,PSO,21,0.47049398527321235
F12,PSO,22,0.31037025206594043
F12,PSO,23,1.2735459041012918
F12,PSO,24,0.3066870941524572
F12,PSO,25,0.103461639364601
F12,PSO,26,0.4797855884570362
F12,PSO,27,1.0463442417683635
F12,PSO,28,0.45324007635066643
F12,PSO,29,0.012919459714287845
F12,DRTO,0,5.161316878840408e-05
F12,DRTO,1,1.3966176549448546e-06
F12,DRTO,2,1.0774347877586992e-06
F12,DRTO,3,2.5457109692193606e-07
F12,DRTO,4,0.00045381708475113604
F12,DRTO,5,0.10178503269825692
F12,DRTO,6,0.10749165727797552
F12,DRTO,7,1.7973210554465045e-06
F12,DRTO,8,0.0672673379761099
F12,DRTO,9,8.15688481620786e-05
F12,DRTO,10,0.021681283083471028
F12,DRTO,11,0.054658428088097774
F12,DRTO,12,5.872462972012413e-09
F12,DRTO,13,0.002241594993514093
F12,DRTO,14,2.231029473360963e-09
F12,DRTO,15,0.22778384017812922
F12,DRTO,16,2.16833802792969e-05
F12,DRTO,17,5.652091259152941e-06
F12,DRTO,18,9.444924463941628e-06
F12,DRTO,19,0.00022970324592343718
F12,DRTO,20,2.566015802211378e-05
F12,DRTO,21,3.324906420982532e-06
F12,DRTO,22,0.0030331106503261288
F12,DRTO,23,0.3568980525918097
F12,DRTO,24,0.002398800922713139
F12,DRTO,25,1.2758202213745125e-05
F12,DRTO,26,3.698401520651667e-05
F12,DRTO,27,1.4246639454550342e-06
F12,DRTO,28,0.0011364834934928275
F12,DRTO,29,0.009591393317538683
F12,GA,0,0.019270870240306368
F12,GA,1,0.02953264991476911
F12,GA,2,0.030521069984455095
F12,GA,3,0.034959614380302526
F12,GA,4,0.020515225831235356
F12,GA,5,0.015646960830112053
F12,GA,6,0.06268929926608856
F12,GA,7,0.020170114922533653
F12,GA,8,0.03131088269593586
F12,GA,9,0.041057065543098265
F12,GA,10,0.021440030422838895
F12,GA,11,0.019118531089425867
F12,GA,12,0.020542589566968795
F12,GA,13,0.01971538609812975
F12,GA,14,0.05076961098114889
F12,GA,15,0.03974297105220594
F12,GA,16,0.13244900487271336
F12,GA,17,0.03247650860914733
F12,GA,18,0.040413564506609295
F12,GA,19,0.021205835068120477
F12,GA,20,0.03992317347081609
F12,GA,21,0.02630223675075137
F12,GA,22,0.01987296869838186
F12,GA,23,0.012624368765412163
F12,GA,24,0.21021100187148248
F12,GA,25,0.02540287023303183
F12,GA,26,0.016550152352070305
F12,GA,27,0.016967153656721485
F12,GA,28,0.020041917479803235
F12,GA,29,0.06064565459571752
F12,DE,0,0.6123656775865326
F12,DE,1,1.3317609338978507
F12,DE,2,3447.6165250142503
F12,DE,3,0.07869681378615548
F12,DE,4,3.1685950640921994
F12,DE,5,4571.60623333667
F12,DE,6,1665.7609556266827
F12,DE,7,35860.60908247983
F12,DE,8,3.880426887334672
F12,DE,9,2.391068036109701
F12,DE,10,1.0590794167055517
F12,DE,11,0.017572897749459457
F12,DE,12,0.9438899172517496
F12,DE,13,6.997109768339585
F12,DE,14,0.7157761640680653
F12,DE,15,2.832416881002059
F12,DE,16,184.0858830915414
F12,DE,17,11958.181521256429
F12,DE,18,2.350628823021389
F12,DE,19,804.1266624723127
F12,DE,20,25.14953388519342
F12,DE,21,3.526666805099679
F12,DE,22,0.6208332112885628
F12,DE,23,1.7227914802213888
F12,DE,24,1.360989929900047
F12,DE,25,1.944315155988616
F12,DE,26,0.8718581724950516
F12,DE,27,1.0773726872587057
F12,DE,28,10.17739651743076
F12,DE,29,256262.6333580426
F12,GWO,0,0.03248013374847523
F12,GWO,1,0.05337447501128963
F12,GWO,2,0.02647913464257037
F12,GWO,3,0.01952907259007957
F12,GWO,4,0.03354584224505498
F12,GWO,5,0.01984457702610947
F12,GWO,6,0.04069913693228783
F12,GWO,7,0.07032326556987888
F12,GWO,8,0.03274826333075588
F12,GWO,9,0.01425617534476372
F12,GWO,10,0.04658429349111315
F12,GWO,11,0.06638016917989947
F12,GWO,12,0.013165507841025614
F12,GWO,13,0.03817594878899615
F12,GWO,14,0.028387637324279135
F12,GWO,15,0.07409683789089032
F12,GWO,16,0.03384675878149077
F12,GWO,17,0.029993531535782318
F12,GWO,18,0.04056138980741786
F12,GWO,19,0.03295289136583946
F12,GWO,20,0.07417924302843872
F12,GWO,21,0.07284124640702726
F12,GWO,22,0.02723633506983621
F12,GWO,23,0.039816747254350256
F12,GWO,24,0.07904759282012708
F12,GWO,25,0.015496621025846858
F12,GWO,26,0.06787503567804214
F12,GWO,27,0.08780545084253008
F12,GWO,28,0.04021341973026099
F12,GWO,29,0.025873321681616924
F12,SCA,0,1.4600661685408272
F12,SCA,1,2.549902873501326
F12,SCA,2,37057.78093825971
F12,SCA,3,35.35941605517854
F12,SCA,4,1039878.2417295887
F12,SCA,5,12.993096731672415
F12,SCA,6,6.229404234044607
F12,SCA,7,1.786934570290655
F12,SCA,8,0.786965270512478
F12,SCA,9,37.54266808391043
F12,SCA,10,5.745324499532721
F12,SCA,11,7.165098261374185
F12,SCA,12,4.246501083624629
F12,SCA,13,29.23411224335851
F12,SCA,14,6640.82759904448
F12,SCA,15,8.454047116907596
F12,SCA,16,2.785707359963788
F12,SCA,17,7.685729242550292
F12,SCA,18,7.881129728342074
F12,SCA,19,1.2054591030185637
F12,SCA,20,12.583328583239682
F12,SCA,21,6.949077379039882
F12,SCA,22,1886181.5957155838
F12,SCA,23,27.781959748856032
F12,SCA,24,20.50689347932979
F12,SCA,25,26.562778200457586
F12,SCA,26,3.4416473753095183
F12,SCA,27,2.618695053116396
F12,SCA,28,20.762778569649186
F12,SCA,29,36482.844042082375
F12,WOA,0,0.002643653278427865
F12,WOA,1,0.00031234730270459623
F12,WOA,2,0.0010169173553826979
F12,WOA,3,0.004254938636040539
F12,WOA,4,0.00407598846429868
F12,WOA,5,0.011840799900947486
F12,WOA,6,0.0024704820366605188
F12,WOA,7,0.0022246939331537884
F12,WOA,8,0.004002375021878203
F12,WOA,9,0.004914000289679415
F12,WOA,10,0.0011946766639433907
F12,WOA,11,0.0022478861085913153
F12,WOA,12,0.0019648564405229585
F12,WOA,13,0.0025807824847251535
F12,WOA,14,0.0008842338836704708
F12,WOA,15,0.007949955399771027
F12,WOA,16,0.001607110907438352
F12,WOA,17,0.007090359499547842
F12,WOA,18,0.004317094162398485
F12,WOA,19,0.0004551196125319769
F12,WOA,20,0.001383773612024315
F12,WOA,21,1.0920417065878988e-05
F12,WOA,22,0.004421307232918392
F12,WOA,23,0.005141561276366696
F12,WOA,24,0.000736878720726806
F12,WOA,25,0.001517389348103874
F12,WOA,26,0.001617435703229765
F12,WOA,27,0.0012987103273547106
F12,WOA,28,0.0022221894529611407
F12,WOA,29,0.0012951414458486645
F12,DRTO-open,0,0.20744161127957159
F12,DRTO-open,1,4.268347563370659e-07
F12,DRTO-open,2,0.03777616553612999
F12,DRTO-open,3,1.0604195051498755e-05
F12,DRTO-open,4,0.008593635316100409
F12,DRTO-open,5,2.1061548996713977e-07
F12,DRTO-open,6,0.0008785892126806225
F12,DRTO-open,7,0.00013092805622932975
F12,DRTO-open,8,7.976208077917161e-08
F12,DRTO-open,9,0.00034485910298036326
F12,DRTO-open,10,2.791212492091215e-11
F12,DRTO-open,11,1.2618277584646699e-05
F12,DRTO-open,12,0.0003729566362071712
F12,DRTO-open,13,9.343581489731953e-05
F12,DRTO-open,14,0.26864753469136693
F12,DRTO-open,15,0.006036008590766639
F12,DRTO-open,16,0.0004932293990728466
F12,DRTO-open,17,0.0027565109758464395
F12,DRTO-open,18,7.888274234421724e-06
F12,DRTO-open,19,3.5888573490856005e-06
F12,DRTO-open,20,2.6841399146498375e-10
F12,DRTO-open,21,3.5122400344787863e-07
F12,DRTO-open,22,0.0010129345683750142
F12,DRTO-open,23,0.005114148201051657
F12,DRTO-open,24,8.094461709181127e-13
F12,DRTO-open,25,6.567191199384175e-05
F12,DRTO-open,26,0.026152973514227035
F12,DRTO-open,27,0.00010788927772317638
F12,DRTO-open,28,6.094290061875297e-06
F12,DRTO-open,29,4.848075766935998e-05
F13,DRTO,0,3.703641055893737e-09
F13,DRTO,1,0.00021632147494985923
F13,DRTO,2,1.3340933779166786e-07
F13,DRTO,3,7.977204024475318e-06
F13,DRTO,4,0.011293729416867185
F13,DRTO,5,1.405449404542899e-05
F13,DRTO,6,2.567400752947536e-05
F13,DRTO,7,7.637614700555802e-05
F13,DRTO,8,1.0098692273573271e-06
F13,DRTO,9,1.5094641376945127e-05
F13,DRTO,10,2.3728195234751936e-05
F13,DRTO,11,3.073714969408296e-07
F13,DRTO,12,2.2192019883505534e-05
F13,DRTO,13,2.1352253293584546e-10
F13,DRTO,14,1.999565484276757e-11
F13,DRTO,15,6.955603850609513e-08
F13,DRTO,16,2.5539503290283337e-05
F13,DRTO,17,3.581014239912941e-05
F13,DRTO,18,3.469161570352106e-07
F13,DRTO,19,0.011000802514047081
F13,DRTO,20,5.994670659450415e-09
F13,DRTO,21,3.3164706929857985e-05
F13,DRTO,22,8.943406727985565e-11
F13,DRTO,23,6.624076716283568e-06
F13,DRTO,24,1.4238468469786385e-05
F13,DRTO,25,0.00015127083608083435
F13,DRTO,26,2.345159983396703e-05
F13,DRTO,27,9.6551722669673e-06
F13,DRTO,28,3.394555557536925e-06
F13,DRTO,29,7.702192275973279e-06
F13,PSO,0,0.34888674951191273
F13,PSO,1,3.7977061869057276
F13,PSO,2,1.6810852609126092
F13,PSO,3,3.087937857420524
F13,PSO,4,0.5178536294567133
F13,PSO,5,0.6590522706757965
F13,PSO,6,0.8490054869192681
F13,PSO,7,0.3473689021343731
F13,PSO,8,0.7473470949576644
F13,PSO,9,0.4121112756031202
F13,PSO,10,5.124072584329915
F13,PSO,11,0.009487256504803638
F13,PSO,12,3.056760084423729
F13,PSO,13,1.9925527957594615
F13,PSO,14,0.4069283608258535
F13,PSO,15,0.5320675424120614
F13,PSO,16,3.531236663213299
F13,PSO,17,2.0402208525611147
F13,PSO,18,0.6280979273140592
F13,PSO,19,0.2042346764561078
F13,PSO,20,3.5929710411316096
F13,PSO,21,6.1119604125386955
F13,PSO,22,0.5569332707791149
F13,PSO,23,2.723956704529241
F13,PSO,24,1.7592234428177596
F13,PSO,25,1.4572958570147492
F13,PSO,26,0.5697617571443413
F13,PSO,27,0.2830594797891042
F13,PSO,28,0.4973703885713226
F13,PSO,29,0.6519649143406869
F13,GA,0,0.6847914119919518
F13,GA,1,0.38581817342630403
F13,GA,2,0.3870219762483469
F13,GA,3,0.7141729863440234
F13,GA,4,0.38821326352890534
F13,GA,5,0.5310584049190761
F13,GA,6,0.4524655618829715
F13,GA,7,0.4826810013427039
F13,GA,8,0.4952336590337815
F13,GA,9,0.1801690419316734
F13,GA,10,0.369045450598932
F13,GA,11,0.31154808840770704
F13,GA,12,0.6734096720822289
F13,GA,13,0.3609917270353307
F13,GA,14,0.23155091380633636
F13,GA,15,0.42522848663341994
F13,GA,16,0.33095850164402946
F13,GA,17,0.3708997609967091
F13,GA,18,0.20609360807106053
F13,GA,19,0.38436973326261825
F13,GA,20,0.41858703171991263
F13,GA,21,0.4588130152170978
F13,GA,22,0.3493545547447475
F13,GA,23,0.8909440046669155
F13,GA,24,0.29746167761090814
F13,GA,25,0.5648648350062275
F13,GA,26,0.28005135812786425
F13,GA,27,0.2828663624258056
F13,GA,28,0.6119862297095505
F13,GA,29,0.6486259129253725
F13,GWO,0,0.18731022462436878
F13,GWO,1,0.6102424921397298
F13,GWO,2,0.8035473439860349
F13,GWO,3,0.4045701476809198
F13,GWO,4,1.1978125386116258
F13,GWO,5,0.8129457958570341
F13,GWO,6,0.4238860877700303
F13,GWO,7,0.8644160098522979
F13,GWO,8,0.5921018540007547
F13,GWO,9,0.9278219618672984
F13,GWO,10,0.4969191627677059
F13,GWO,11,0.793074026346182
F13,GWO,12,0.534782403357092
F13,GWO,13,0.8941047699442408
F13,GWO,14,0.8301154528352601
F13,GWO,15,0.664523679017329
F13,GWO,16,0.41448785540947874
F13,GWO,17,0.48912121244176465
F13,GWO,18,1.277421320171061
F13,GWO,19,0.5640565714414771
F13,GWO,20,0.9941132808837776
F13,GWO,21,0.3358050694690687
F13,GWO,22,0.6304893331089637
F13,GWO,23,0.8064563900149061
F13,GWO,24,0.6634403812926551
F13,GWO,25,0.7659984114806347
F13,GWO,26,0.6458363459816585
F13,GWO,27,0.9586868859115903
F13,GWO,28,0.39682628425681665
F13,GWO,29,0.9566985777039605
F13,DE,0,82.7778616192987
F13,DE,1,327.4268899954355
F13,DE,2,24358.38292057641
F13,DE,3,2385.8728656409467
F13,DE,4,1545.9572382234574
F13,DE,5,19769.249664641073
F13,DE,6,7.194582080220219
F13,DE,7,1989.5266441963436
F13,DE,8,37767.04898076816
F13,DE,9,3535.787721532342
F13,DE,10,91.59092816319907
F13,DE,11,12037.129723142703
F13,DE,12,3826.3459364806863
F13,DE,13,66.92105539064777
F13,DE,14,25416.72256956011
F13,DE,15,1.4721774087438115
F13,DE,16,29.512253403003644
F13,DE,17,8.926338283589374
F13,DE,18,14.35037754864832
F13,DE,19,5909.251169080285
F13,DE,20,14.958407451891173
F13,DE,21,34650.877199866976
F13,DE,22,16.626892869264168
F13,DE,23,81.12206591204962
F13,DE,24,503.6134467955775
F13,DE,25,1254.9734766833915
F13,DE,26,38.77838171218299
F13,DE,27,96622.77192304663
F13,DE,28,26.448530569145912
F13,DE,29,581.6781184691089
F13,SCA,0,11395.905032721339
F13,SCA,1,322.25421365887763
F13,SCA,2,460.48007301336474
F13,SCA,3,201.0182703456902
F13,SCA,4,629.8357057787501
F13,SCA,5,3.3497231599003423
F13,SCA,6,3.7435558910196023
F13,SCA,7,8.68367726294012
F13,SCA,8,145.7952479044157
F13,SCA,9,1568738.9497933653
F13,SCA,10,525774.1122730863
F13,SCA,11,11732.298946199171
F13,SCA,12,2009595.3320919098
F13,SCA,13,7648225.024546009
F13,SCA,14,2572782.7252209666
F13,SCA,15,97217.29790896986
F13,SCA,16,3508825.6760117947
F13,SCA,17,3.5168909220819766
F13,SCA,18,348730.70138744294
F13,SCA,19,8746.238058516385
F13,SCA,20,20.273570335182722
F13,SCA,21,26089.51656076465
F13,SCA,22,195.95393173291052
F13,SCA,23,4.624145271845457
F13,SCA,24,2090118.3925188128
F13,SCA,25,37.147050137522285
F13,SCA,26,401346.04816290207
F13,SCA,27,85331.27274351277
F13,SCA,28,407958.0149365583
F13,SCA,29,840827.3367114763
F13,WOA,0,0.017672334926355684
F13,WOA,1,0.03934276272943824
F13,WOA,2,0.05336078747823158
F13,WOA,3,0.05636095836824685
F13,WOA,4,0.015962682732823513
F13,WOA,5,0.013348159104089142
F13,WOA,6,0.0019318533069139277
F13,WOA,7,0.003432164122828156
F13,WOA,8,0.12847972629706536
F13,WOA,9,0.06999032565352822
F13,WOA,10,0.0022729640948528124
F13,WOA,11,0.027583407148457702
F13,WOA,12,0.003011306583805603
F13,WOA,13,0.006593078406021626
F13,WOA,14,0.012432764698030504
F13,WOA,15,0.3317273185286692
F13,WOA,16,0.011678305244325081
F13,WOA,17,0.015770111340420216
F13,WOA,18,0.0031487390633957524
F13,WOA,19,0.008797177632820676
F13,WOA,20,0.0182747378321343
F13,WOA,21,0.29873253428462115
F13,WOA,22,0.01465995963127503
F13,WOA,23,0.16378102523134863
F13,WOA,24,0.04280317442823598
F13,WOA,25,0.0008122721033109669
F13,WOA,26,0.17590897627256885
F13,WOA,27,0.08710555503301542
F13,WOA,28,0.0065078695950555755
F13,WOA,29,0.08763105866376031
F14,DRTO,0,-1.6220555021373428e-07
F14,DRTO,1,-1.6220555021373428e-07
F14,DRTO,2,-1.6220555021373428e-07
F14,DRTO,3,-1.6220555021373428e-07
F14,DRTO,4,-1.6220555021373428e-07
F14,DRTO,5,-1.6220555021373428e-07
F14,DRTO,6,-1.6220555021373428e-07
F14,DRTO,7,-1.6220555021373428e-07
F14,DRTO,8,-1.6220555021373428e-07
F14,DRTO,9,-1.6220555021373428e-07
F14,DRTO,10,-1.6220555021373428e-07
F14,DRTO,11,-1.6220555021373428e-07
F14,DRTO,12,-1.6220555021373428e-07
F14,DRTO,13,-1.6220555021373428e-07
F14,DRTO,14,-1.6220555021373428e-07
F14,DRTO,15,-1.6220555021373428e-07
F14,DRTO,16,-1.6220555021373428e-07
F14,DRTO,17,-1.6220555021373428e-07
F14,DRTO,18,-1.6220555021373428e-07
F14,DRTO,19,-1.6220555021373428e-07
F14,DRTO,20,-1.6220555021373428e-07
F14,DRTO,21,-1.6220555021373428e-07
F14,DRTO,22,-1.6220555021373428e-07
F14,DRTO,23,-1.6220555021373428e-07
F14,DRTO,24,-1.6220555021373428e-07
F14,DRTO,25,-1.6220555021373428e-07
F14,DRTO,26,-1.6220555021373428e-07
F14,DRTO,27,0.9940269002207175
F14,DRTO,28,-1.6220555021373428e-07
F14,DRTO,29,-1.6220555021373428e-07
F13,DRTO-open,0,1.0505762483698833e-08
F13,DRTO-open,1,7.992870738142234e-09
F13,DRTO-open,2,5.7984006157145854e-08
F13,DRTO-open,3,1.787420531223607e-09
F13,DRTO-open,4,4.0468113410627556e-07
F13,DRTO-open,5,1.142733106735099e-11
F13,DRTO-open,6,1.4998403634114411e-05
F13,DRTO-open,7,2.0438432090891813e-06
F13,DRTO-open,8,9.746955674559137e-12
F13,DRTO-open,9,4.455016061420728e-11
F13,DRTO-open,10,0.011157904845427804
F13,DRTO-open,11,1.7640131271127936e-10
F13,DRTO-open,12,5.970940337749582e-09
F13,DRTO-open,13,8.629975524510176e-08
F13,DRTO-open,14,3.7315592339522097e-06
F13,DRTO-open,15,2.5516021787918395e-07
F13,DRTO-open,16,3.0199018232346246e-09
F13,DRTO-open,17,4.843693525427388e-05
F13,DRTO-open,18,1.1198647047885778e-08
F13,DRTO-open,19,1.1024679182797991e-07
F13,DRTO-open,20,2.83628528212956e-07
F13,DRTO-open,21,2.568227788179504e-08
F13,DRTO-open,22,1.956701504613901e-07
F13,DRTO-open,23,6.809582697072705e-11
F13,DRTO-open,24,1.751893573324741e-08
F13,DRTO-open,25,7.44348496495688e-08
F13,DRTO-open,26,8.524729913596234e-07
F13,DRTO-open,27,9.05695062828106e-09
F13,DRTO-open,28,4.732854612451495e-07
F13,DRTO-open,29,5.1343357729683305e-05
F14,PSO,0,-1.6220555021373428e-07
F14,PSO,1,-1.6220555021373428e-07
F14,PSO,2,-1.6220555021373428e-07
F14,PSO,3,-1.6220555021373428e-07
F14,PSO,4,-1.6220555021373428e-07
F14,PSO,5,-1.6220555021373428e-07
F14,PSO,6,-1.6220555021373428e-07
F14,PSO,7,-1.6220555021373428e-07
F14,PSO,8,-1.6220555021373428e-07
F14,PSO,9,-1.6220555021373428e-07
F14,PSO,10,-1.6220555021373428e-07
F14,PSO,11,-1.6220555021373428e-07
F14,PSO,12,-1.6220555021373428e-07
F14,PSO,13,-1.6220555021373428e-07
F14,PSO,14,-1.6220555021373428e-07
F14,PSO,15,-1.6220555021373428e-07
F14,PSO,16,-1.6220555021373428e-07
F14,PSO,17,-1.6220555021373428e-07
F14,PSO,18,-1.6220555021373428e-07
F14,PSO,19,-1.6220555021373428e-07
F14,PSO,20,-1.6220555021373428e-07
F14,PSO,21,-1.6220555021373428e-07
F14,PSO,22,-1.6220555021373428e-07
F14,PSO,23,-1.6220555021373428e-07
F14,PSO,24,-1.6220555021373428e-07
F14,PSO,25,-1.6220555021373428e-07
F14,PSO,26,-1.6220555021373428e-07
F14,PSO,27,-1.6220555021373428e-07
F14,PSO,28,-1.6220555021373428e-07
F14,PSO,29,-1.6220555021373428e-07
F14,GA,0,-1.6220554532875298e-07
F14,GA,1,-1.6220542564671092e-07
F14,GA,2,-1.622054066618972e-07
F14,GA,3,-1.6220544607481457e-07
F14,GA,4,-1.6220553644696878e-07
F14,GA,5,-1.6220495391294776e-07
F14,GA,6,-1.6220355136820075e-07
F14,GA,7,-1.6220554044377167e-07
F14,GA,8,-1.6220539034161874e-07
F14,GA,9,-1.622054838223974e-07
F14,GA,10,-1.6220516096954185e-07
F14,GA,11,-1.622055013639212e-07
F14,GA,12,-1.622049148330973e-07
F14,GA,13,-1.6220554710510982e-07
F14,GA,14,-1.6220544607481457e-07
F14,GA,15,-1.62205352260969e-07
F14,GA,16,-1.6220551590784282e-07
F14,GA,17,-1.6220533127775383e-07
F14,GA,18,-1.6220542120581882e-07
F14,GA,19,-1.6220549337031542e-07
F14,GA,20,-1.6220526954935366e-07
F14,GA,21,-1.6220548471057583e-07
F14,GA,22,-1.6220554732715442e-07
F14,GA,23,-1.6220553178403208e-07
F14,GA,24,-1.6220542253808645e-07
F14,GA,25,-1.6220549781120752e-07
F14,GA,26,-1.622055054717464e-07
F14,GA,27,-1.6220553444856733e-07
F14,GA,28,-1.622055285643853e-07
F14,GA,29,-1.622055143535306e-07
F14,GWO,0,-1.621027257980856e-07
F14,GWO,1,-1.6218544196533458e-07
F14,GWO,2,1.9841011568347193
F14,GWO,3,1.9841011568194644
F14,GWO,4,1.9841011568169393
F14,GWO,5,1.9841011568262195
F14,GWO,6,9.765176666973595
F14,GWO,7,-1.620588089279451e-07
F14,GWO,8,1.9841011568261013
F14,GWO,9,1.9841011568274793
F14,GWO,10,1.984101156816946
F14,GWO,11,-1.6207502195886292e-07
F14,GWO,12,9.76517666683301
F14,GWO,13,0.9940269002341958
F14,GWO,14,0.9940269002803627
F14,GWO,15,9.765176667198611
F14,GWO,16,11.672501811135914
F14,GWO,17,9.765176667315002
F14,GWO,18,1.9841011569039138
F14,GWO,19,-1.6215478870762468e-07
F14,GWO,20,0.9940269002317658
F14,GWO,21,-1.6220419940538022e-07
F14,GWO,22,1.984101156843427
F14,GWO,23,-1.621300564913497e-07
F14,GWO,24,9.765176666920256
F14,GWO,25,-1.6212773645829515e-07
F14,GWO,26,11.672501811135914
F14,GWO,27,1.9841011568261444
F14,GWO,28,0.9940269002499885
F14,GWO,29,1.9841011568314655
F14,DE,0,-1.6220555021373428e-07
F14,DE,1,-1.6220555021373428e-07
F14,DE,2,-1.6220555021373428e-07
F14,DE,3,-1.6220555021373428e-07
F14,DE,4,-1.6220555021373428e-07
F14,DE,5,-1.6220555021373428e-07
F14,DE,6,-1.6220555021373428e-07
F14,DE,7,-1.6220555021373428e-07
F14,DE,8,-1.6220555021373428e-07
F14,DE,9,-1.6220555021373428e-07
F14,DE,10,-1.6220555021373428e-07
F14,DE,11,-1.6220555021373428e-07
F14,DE,12,-1.6220555021373428e-07
F14,DE,13,-1.6220555021373428e-07
F14,DE,14,-1.6220555021373428e-07
F14,DE,15,-1.6220555021373428e-07
F14,DE,16,-1.6220555021373428e-07
F14,DE,17,-1.6220555021373428e-07
F14,DE,18,-1.6220555021373428e-07
F14,DE,19,-1.6220555021373428e-07
F14,DE,20,-1.6220555021373428e-07
F14,DE,21,-1.6220555021373428e-07
F14,DE,22,0.9940269002207175
F14,DE,23,-1.6220555021373428e-07
F14,DE,24,-1.6220555021373428e-07
F14,DE,25,-1.6220555021373428e-07
F14,DE,26,-1.6220555021373428e-07
F14,DE,27,-1.6220555021373428e-07
F14,DE,28,-1.6220555021373428e-07
F14,DE,29,-1.6220555021373428e-07
F14,WOA,0,1.57953103854247e-05
F14,WOA,1,-1.305977813670367e-07
F14,WOA,2,0.9940269002212127
F14,WOA,3,-1.619879078651465e-07
F14,WOA,4,0.9940269002540499
F14,WOA,5,-1.6181126860637107e-07
F14,WOA,6,-8.026870756960847e-08
F14,WOA,7,8.779783456147605e-06
F14,WOA,8,1.9841011721003543
F14,WOA,9,0.0001734457127038347
F14,WOA,10,-1.4434446093947173e-07
F14,WOA,11,0.0046956648312773686
F14,WOA,12,-1.6167452865367693e-07
F14,WOA,13,1.9841011574664478
F14,WOA,14,4.0310481727035e-06
F14,WOA,15,0.994026900259927
F14,WOA,16,0.9940269003694161
F14,WOA,17,9.765176666945102
F14,WOA,18,0.9940269002280017
F14,WOA,19,-1.6209695674618274e-07
F14,WOA,20,9.597270704930772e-06
F14,WOA,21,1.9841011573654739
F14,WOA,22,1.9841011568348064
F14,WOA,23,0.0009065734841657846
F14,WOA,24,-1.4597152209194775e-07
F14,WOA,25,9.765176667370598
F14,WOA,26,0.0033325926079103008
F14,WOA,27,1.98410115681668
F14,WOA,28,1.9841011957668644
F14,WOA,29,1.984101157577805
F14,SCA,0,6.118923181608338e-05
F14,SCA,1,1.9841011584507982
F14,SCA,2,1.9841011568583427
F14,SCA,3,0.0016456877298138828
F14,SCA,4,1.9841011569908753
F14,SCA,5,1.9841011569265068
F14,SCA,6,1.984101158947877
F14,SCA,7,1.984101159650625
F14,SCA,8,0.0010266744597982047
F14,SCA,9,0.0003002448527690271
F14,SCA,10,1.9827037085362598e-05
F14,SCA,11,1.2539704901559645e-05
F14,SCA,12,0.00018877688147977967
F14,SCA,13,0.0001077334243120287
F14,SCA,14,0.0002124752300861621
F14,SCA,15,1.9841011568761964
F14,SCA,16,0.0011628509203941428
F14,SCA,17,0.0003010996453653991
F14,SCA,18,1.984101158738686
F14,SCA,19,1.984101156823138
F14,SCA,20,1.984101165540256
F14,SCA,21,0.0005328085507984026
F14,SCA,22,1.5533036336057293e-05
F14,SCA,23,0.0008782586411838489
F14,SCA,24,1.9488478323115288e-05
F14,SCA,25,3.462800005549216e-05
F14,SCA,26,0.0002581297343327016
F14,SCA,27,1.9841011589143616
F14,SCA,28,7.323766015610023e-05
F14,SCA,29,0.00012018892493403932
F15,DRTO,0,0.00010810161078450748
F15,DRTO,1,0.0002689717605662356
F15,DRTO,2,-1.4012194395290976e-08
F15,DRTO,3,0.00010315252505959868
F15,DRTO,4,9.759232841023859e-05
F15,DRTO,5,0.0004092316579467047
F15,DRTO,6,0.00020367034445806627
F15,DRTO,7,0.00033895810180899433
F15,DRTO,8,-1.4010604307800045e-08
F15,DRTO,9,0.00017331184239797662
F15,DRTO,10,5.332216524636798e-07
F15,DRTO,11,1.7939412652732858e-05
F15,DRTO,12,0.0005143352902398674
F15,DRTO,13,-1.4012194395290976e-08
F15,DRTO,14,5.046207083844799e-05
F15,DRTO,15,-1.4012194298688562e-08
F15,DRTO,16,0.00045835810693578316
F15,DRTO,17,4.4061168838154744e-05
F15,DRTO,18,0.00016290876716469675
F15,DRTO,19,-1.4012194364553844e-08
F15,DRTO,20,0.0003141230902702921
F15,DRTO,21,0.00030428090842575534
F15,DRTO,22,0.00025872898874603904
F15,DRTO,23,-1.4012194395074135e-08
F15,DRTO,24,9.693562113772646e-06
F15,DRTO,25,3.134292447825476e-05
F15,DRTO,26,5.035097681578565e-05
F15,DRTO,27,5.5745265396590395e-06
F15,DRTO,28,8.141860834211191e-05
F15,DRTO,29,-1.4012194395074135e-08
F15,PSO,0,0.0002943295742051687
F15,PSO,1,0.0004386096056456983
F15,PSO,2,0.00016162434977225334
F15,PSO,3,0.020055839348068497
F15,PSO,4,0.0011811592353638386
F15,PSO,5,0.0001732456813334919
F15,PSO,6,3.847778435494615e-05
F15,PSO,7,0.0200558393480685
F15,PSO,8,3.2871179266336114e-06
F15,PSO,9,0.00035415083523516463
F15,PSO,10,0.0010465627698606047
F15,PSO,11,9.83621746714976e-05
F15,PSO,12,0.00023644263223236245
F15,PSO,13,0.00022748153831765328
F15,PSO,14,1.1036699692464958e-06
F15,PSO,15,0.00033097222636187777
F15,PSO,16,0.0009156733771272987
F15,PSO,17,0.0003570021749613387
F15,PSO,18,0.00022244079914641128
F15,PSO,19,0.0004751553905064806
F15,PSO,20,0.00035460179355079443
F15,PSO,21,0.0002731686560942908
F15,PSO,22,0.00024209309225477145
F15,PSO,23,0.0004676540429431203
F15,PSO,24,0.0003534765220786806
F15,PSO,25,0.00021950805661559853
F15,PSO,26,0.00047515539050647964
F15,PSO,27,1.994114077105073e-05
F15,PSO,28,1.9311249531085727e-05
F15,PSO,29,2.622949858923317e-06
F14,DRTO-open,0,-1.6220555021373428e-07
F14,DRTO-open,1,-1.6220555021373428e-07
F14,DRTO-open,2,-1.6220555021373428e-07
F14,DRTO-open,3,-1.6220555021373428e-07
F14,DRTO-open,4,-1.6220555021373428e-07
F14,DRTO-open,5,-1.6220555021373428e-07
F14,DRTO-open,6,-1.6220555021373428e-07
F14,DRTO-open,7,-1.6220555021373428e-07
F14,DRTO-open,8,-1.6220555021373428e-07
F14,DRTO-open,9,-1.6220555021373428e-07
F14,DRTO-open,10,-1.6220555021373428e-07
F14,DRTO-open,11,-1.6220555021373428e-07
F14,DRTO-open,12,-1.6220555021373428e-07
F14,DRTO-open,13,-1.6220555021373428e-07
F14,DRTO-open,14,-1.6220555021373428e-07
F14,DRTO-open,15,-1.6220555021373428e-07
F14,DRTO-open,16,-1.6220555021373428e-07
F14,DRTO-open,17,-1.6220555021373428e-07
F14,DRTO-open,18,-1.6220555021373428e-07
F14,DRTO-open,19,-1.6220555021373428e-07
F14,DRTO-open,20,-1.6220555021373428e-07
F14,DRTO-open,21,-1.6220555021373428e-07
F14,DRTO-open,22,-1.6220555021373428e-07
F14,DRTO-open,23,-1.6220555021373428e-07
F14,DRTO-open,24,-1.6220555021373428e-07
F14,DRTO-open,25,-1.6220555021373428e-07
F14,DRTO-open,26,-1.6220555021373428e-07
F14,DRTO-open,27,-1.6220555021373428e-07
F14,DRTO-open,28,-1.6220555021373428e-07
F14,DRTO-open,29,-1.6220555021373428e-07
F15,GA,0,0.00020229563987122812
F15,GA,1,0.020055854177799887
F15,GA,2,0.0012585113549870995
F15,GA,3,0.00026064984543821586
F15,GA,4,0.0009245945649756402
F15,GA,5,0.00048541537189606337
F15,GA,6,0.00039831286992836643
F15,GA,7,0.020055841017210897
F15,GA,8,0.00021623745533908397
F15,GA,9,2.5910169163276893e-06
F15,GA,10,0.0010555996526585465
F15,GA,11,0.00029956365554789703
F15,GA,12,0.00029332336363460876
F15,GA,13,0.0012881814227380685
F15,GA,14,0.02005584148107506
F15,GA,15,0.0002584126763107031
F15,GA,16,0.0009156885888631392
F15,GA,17,0.0011508611641811984
F15,GA,18,0.00038353609951744216
F15,GA,19,2.9873672771642246e-06
F15,GA,20,0.020055839802782492
F15,GA,21,0.020055853567298346
F15,GA,22,0.00030518538387075243
F15,GA,23,0.00045183829991078027
F15,GA,24,9.603719200877465e-05
F15,GA,25,0.0004109611262063156
F15,GA,26,0.0003730858345544746
F15,GA,27,0.00022608330008265222
F15,GA,28,0.0014512782371947353
F15,GA,29,0.02005583947627027
F15,GWO,0,1.3716576470161742e-06
F15,GWO,1,3.34396657070417e-07
F15,GWO,2,9.059829928292711e-07
F15,GWO,3,0.00017236312717529225
F15,GWO,4,0.020055843196535264
F15,GWO,5,8.62016267111508e-05
F15,GWO,6,6.807465199756233e-05
F15,GWO,7,0.001287011107495652
F15,GWO,8,5.2894069602549146e-05
F15,GWO,9,1.8947045422336743e-05
F15,GWO,10,1.6896738312216454e-07
F15,GWO,11,9.158846534746226e-05
F15,GWO,12,9.167863205969623e-08
F15,GWO,13,0.0009156877553537378
F15,GWO,14,0.0001755423806724365
F15,GWO,15,6.362076612678551e-05
F15,GWO,16,0.0009156828210368682
F15,GWO,17,3.951347574062357e-05
F15,GWO,18,0.00014840356099538775
F15,GWO,19,0.0001270703839122056
F15,GWO,20,0.020055840411788452
F15,GWO,21,6.449150651949412e-05
F15,GWO,22,0.00012501949008576237
F15,GWO,23,2.030318955515445e-05
F15,GWO,24,0.020055841253139944
F15,GWO,25,0.00010180155068184913
F15,GWO,26,4.363053178705435e-05
F15,GWO,27,0.02005584907560816
F15,GWO,28,0.020055840680003285
F15,GWO,29,0.020055839409480376
F15,WOA,0,0.00045155385688273793
F15,WOA,1,0.00024471610241020284
F15,WOA,2,0.000349749298004712
F15,WOA,3,0.00025034287589393423
F15,WOA,4,0.0011821771205008473
F15,WOA,5,3.1786714716788205e-05
F15,WOA,6,0.00019593583859617666
F15,WOA,7,0.0002513149046824427
F15,WOA,8,0.001281879727723683
F15,WOA,9,0.00011232208532120218
F15,WOA,10,0.0005557759188204287
F15,WOA,11,3.179017435744479e-05
F15,WOA,12,0.0008225480255625057
F15,WOA,13,6.86912814735096e-05
F15,WOA,14,0.00015705285729622883
F15,WOA,15,0.0002765778789442942
F15,WOA,16,0.0012738280341053026
F15,WOA,17,9.655562264769161e-05
F15,WOA,18,0.001341720213882052
F15,WOA,19,1.6721349961345687e-05
F15,WOA,20,0.006793496741593137
F15,WOA,21,8.68828451115474e-05
F15,WOA,22,0.000216997108731567
F15,WOA,23,3.179262966632423e-05
F15,WOA,24,0.0003285376090281685
F15,WOA,25,7.992029695101215e-05
F15,WOA,26,0.0003191891850378181
F15,WOA,27,0.0019444493183390938
F15,WOA,28,0.00016146992079782272
F15,WOA,29,0.00019122180394579366
F15,SCA,0,0.0011894556752095069
F15,SCA,1,0.001189747623942709
F15,SCA,2,0.0005049232030304919
F15,SCA,3,0.001228254126151315
F15,SCA,4,0.0004063586983376293
F15,SCA,5,0.0004561531654343062
F15,SCA,6,0.00037162844331422754
F15,SCA,7,0.0004175321348432917
F15,SCA,8,0.0005603614164447429
F15,SCA,9,0.0006011731073172035
F15,SCA,10,0.0006142864882315116
F15,SCA,11,0.0011686158239082624
F15,SCA,12,0.0005002672856150871
F15,SCA,13,0.0005637821404926532
F15,SCA,14,0.0011097899844428754
F15,SCA,15,0.0005470239763074537
F15,SCA,16,0.0002604653225780577
F15,SCA,17,0.0011920802620851757
F15,SCA,18,0.0010086296764187995
F15,SCA,19,0.0005398269018262957
F15,SCA,20,0.0010413790114490102
F15,SCA,21,0.001271311223906256
F15,SCA,22,0.0005491132903367127
F15,SCA,23,0.0005427292532906598
F15,SCA,24,0.0009659068656500307
F15,SCA,25,0.0002833086986151724
F15,SCA,26,0.0011002775321624352
F15,SCA,27,0.0011813369185444441
F15,SCA,28,0.0012632989460107944
F15,SCA,29,0.0004965489041865293
F15,DE,0,0.00028662626735486595
F15,DE,1,0.0009156733771272978
F15,DE,2,1.0281397335890974e-07
F15,DE,3,0.001525644302118877
F15,DE,4,-1.4012194394803085e-08
F15,DE,5,0.00043603302054690045
F15,DE,6,8.653508106963326e-05
F15,DE,7,-1.4012194395128345e-08
F15,DE,8,-1.4012194395182555e-08
F15,DE,9,0.0002093782931456752
F15,DE,10,-1.4012194394911505e-08
F15,DE,11,-1.4012194395290976e-08
F15,DE,12,0.00043953070067114446
F15,DE,13,2.8966691434412716e-05
F15,DE,14,1.3052818474942982e-05
F15,DE,15,0.00021910863667302173
F15,DE,16,-1.4012194395128345e-08
F15,DE,17,0.0001325570815533004
F15,DE,18,0.00025202620339724845
F15,DE,19,0.00031626165572367547
F15,DE,20,6.083445144591809e-05
F15,DE,21,0.0001209215488621735
F15,DE,22,0.0009156733771272982
F15,DE,23,0.00032926790277261795
F15,DE,24,0.0019292538412377996
F15,DE,25,0.0004140792059681142
F15,DE,26,1.1048736492846737e-05
F15,DE,27,0.00028432115545032316
F15,DE,28,0.0004263802991222684
F15,DE,29,0.0001452736303587355
F15,DRTO-open,0,3.670058834418942e-05
F15,DRTO-open,1,-1.4012194281449748e-08
F15,DRTO-open,2,-1.4012194346447668e-08
F15,DRTO-open,3,6.891685654312866e-06
F15,DRTO-open,4,-1.1101829813309552e-08
F15,DRTO-open,5,-1.4012194329425694e-08
F15,DRTO-open,6,4.9844751646663916e-05
F15,DRTO-open,7,-1.401219434270717e-08
F15,DRTO-open,8,2.0132720615430896e-06
F15,DRTO-open,9,-1.4012194354796025e-08
F15,DRTO-open,10,1.3304299838379934e-06
F15,DRTO-open,11,-1.4012194278359771e-08
F15,DRTO-open,12,-1.401219432221575e-08
F15,DRTO-open,13,-1.4012194304272203e-08
F15,DRTO-open,14,-1.4012194234666424e-08
F15,DRTO-open,15,0.00015971444347948104
F15,DRTO-open,16,0.0009156733771273934
F15,DRTO-open,17,-1.401219429733331e-08
F15,DRTO-open,18,2.5336758799338185e-07
F15,DRTO-open,19,-1.4012194330184635e-08
F15,DRTO-open,20,-1.4012194284702354e-08
F15,DRTO-open,21,2.619981305374236e-06
F15,DRTO-open,22,3.501957892791793e-05
F15,DRTO-open,23,-1.4012194364065953e-08
F15,DRTO-open,24,-1.4012194343411902e-08
F15,DRTO-open,25,-1.4012194364065953e-08
F15,DRTO-open,26,-1.4012194355446546e-08
F15,DRTO-open,27,-1.4012194306549028e-08
F15,DRTO-open,28,5.1609261926360795e-05
F15,DRTO-open,29,-1.40121942629641e-08
F16,PSO,0,4.651012219802908e-08
F16,PSO,1,4.651012219802908e-08
F16,PSO,2,4.651012219802908e-08
F16,PSO,3,4.6510122420073685e-08
F16,PSO,4,4.651012219802908e-08
F16,PSO,5,4.6510122420073685e-08
F16,PSO,6,4.651012219802908e-08
F16,PSO,7,4.6510122420073685e-08
F16,PSO,8,4.651012219802908e-08
F16,PSO,9,4.651012219802908e-08
F16,PSO,10,4.651012219802908e-08
F16,PSO,11,4.6510122420073685e-08
F16,PSO,12,4.6510122420073685e-08
F16,PSO,13,4.651012219802908e-08
F16,PSO,14,4.651012219802908e-08
F16,PSO,15,4.6510122420073685e-08
F16,PSO,16,4.651012219802908e-08
F16,PSO,17,4.651012219802908e-08
F16,PSO,18,4.6510122420073685e-08
F16,PSO,19,4.651012219802908e-08
F16,PSO,20,4.651012219802908e-08
F16,PSO,21,4.651012219802908e-08
F16,PSO,22,4.651012219802908e-08
F16,PSO,23,4.6510122420073685e-08
F16,PSO,24,4.651012219802908e-08
F16,PSO,25,4.651012219802908e-08
F16,PSO,26,4.651012219802908e-08
F16,PSO,27,4.651012219802908e-08
F16,PSO,28,4.651012219802908e-08
F16,PSO,29,4.6510122420073685e-08
F16,DRTO,0,4.651012219802908e-08
F16,DRTO,1,4.651012219802908e-08
F16,DRTO,2,4.651012219802908e-08
F16,DRTO,3,4.651012219802908e-08
F16,DRTO,4,4.651012219802908e-08
F16,DRTO,5,4.651012219802908e-08
F16,DRTO,6,4.651012219802908e-08
F16,DRTO,7,4.651012219802908e-08
F16,DRTO,8,4.651012219802908e-08
F16,DRTO,9,4.651012219802908e-08
F16,DRTO,10,4.651012219802908e-08
F16,DRTO,11,4.651012219802908e-08
F16,DRTO,12,4.651012219802908e-08
F16,DRTO,13,4.651012219802908e-08
F16,DRTO,14,4.6510122420073685e-08
F16,DRTO,15,4.651012219802908e-08
F16,DRTO,16,4.6510122420073685e-08
F16,DRTO,17,4.651012219802908e-08
F16,DRTO,18,4.651012219802908e-08
F16,DRTO,19,4.651012219802908e-08
F16,DRTO,20,4.651012219802908e-08
F16,DRTO,21,4.651012219802908e-08
F16,DRTO,22,4.651012219802908e-08
F16,DRTO,23,4.651012219802908e-08
F16,DRTO,24,4.651012219802908e-08
F16,DRTO,25,4.651012219802908e-08
F16,DRTO,26,4.651012219802908e-08
F16,DRTO,27,4.651012219802908e-08
F16,DRTO,28,4.651012219802908e-08
F16,DRTO,29,4.651012219802908e-08
F16,GA,0,4.6601787762057256e-08
F16,GA,1,4.653239416008148e-08
F16,GA,2,4.8534816388112745e-08
F16,GA,3,4.6532469655247155e-08
F16,GA,4,4.6646069229439036e-08
F16,GA,5,4.955968413433709e-08
F16,GA,6,4.6536305031708025e-08
F16,GA,7,4.658778851585055e-08
F16,GA,8,4.989096091811973e-08
F16,GA,9,4.653374996443915e-08
F16,GA,10,4.6668496178625674e-08
F16,GA,11,5.002559788636063e-08
F16,GA,12,4.6513895179955966e-08
F16,GA,13,4.651318086246192e-08
F16,GA,14,4.669358344422392e-08
F16,GA,15,4.6539739617657006e-08
F16,GA,16,4.6583559898394356e-08
F16,GA,17,4.651038998382262e-08
F16,GA,18,4.814271581388141e-08
F16,GA,19,4.678847953520915e-08
F16,GA,20,4.702995703986801e-08
F16,GA,21,4.65227107948607e-08
F16,GA,22,4.658356589359869e-08
F16,GA,23,4.666706221456707e-08
F16,GA,24,4.6539001985479445e-08
F16,GA,25,4.702924027988331e-08
F16,GA,26,4.682020438018242e-08
F16,GA,27,4.655336893755191e-08
F16,GA,28,4.855245738788483e-08
F16,GA,29,4.6513719320628866e-08
F16,GWO,0,6.079330172603647e-08
F16,GWO,1,6.88106267521249e-08
F16,GWO,2,4.962656441342972e-08
F16,GWO,3,4.808882936302439e-08
F16,GWO,4,1.4233984302336466e-07
F16,GWO,5,8.023431985471063e-08
F16,GWO,6,4.839032041736857e-08
F16,GWO,7,6.489069259707492e-08
F16,GWO,8,5.701191096996183e-08
F16,GWO,9,7.555083314514377e-08
F16,GWO,10,6.134202146235168e-08
F16,GWO,11,4.710070244939857e-08
F16,GWO,12,6.379509920328985e-08
F16,GWO,13,5.013673809450836e-08
F16,GWO,14,5.7527094643461396e-08
F16,GWO,15,5.486740906057719e-08
F16,GWO,16,7.32951415116645e-08
F16,GWO,17,5.1474964513076316e-08
F16,GWO,18,7.855269545942178e-08
F16,GWO,19,5.00232566480463e-08
F16,GWO,20,5.359374677382789e-08
F16,GWO,21,5.4769336177429295e-08
F16,GWO,22,5.3017298551338854e-08
F16,GWO,23,6.125156071234983e-08
F16,GWO,24,5.197870067696897e-08
F16,GWO,25,5.080103493426691e-08
F16,GWO,26,4.690200072765549e-08
F16,GWO,27,5.3110652764587485e-08
F16,GWO,28,6.202429148061128e-08
F16,GWO,29,9.964456526567744e-08
F16,WOA,0,4.652799123761042e-08
F16,WOA,1,4.6599898606558554e-08
F16,WOA,2,4.652957374950972e-08
F16,WOA,3,4.655107921358592e-08
F16,WOA,4,4.6706816636543635e-08
F16,WOA,5,4.7116466728169826e-08
F16,WOA,6,4.65101905877674e-08
F16,WOA,7,4.66127769715996e-08
F16,WOA,8,4.651484575290965e-08
F16,WOA,9,5.8084558274273945e-08
F16,WOA,10,4.751721949247667e-08
F16,WOA,11,4.698069466790855e-08
F16,WOA,12,4.710925605166949e-08
F16,WOA,13,4.744042847448782e-08
F16,WOA,14,4.651012530665355e-08
F16,WOA,15,4.700195121998263e-08
F16,WOA,16,4.6592169233861114e-08
F16,WOA,17,4.675490039574015e-08
F16,WOA,18,5.2194910171721176e-08
F16,WOA,19,4.668212238989611e-08
F16,WOA,20,4.6510153950407584e-08
F16,WOA,21,4.651361629193218e-08
F16,WOA,22,4.651701490665516e-08
F16,WOA,23,4.724826196955689e-08
F16,WOA,24,4.71069752094877e-08
F16,WOA,25,4.6601954517555555e-08
F16,WOA,26,5.338981523550501e-08
F16,WOA,27,4.6770424200204275e-08
F16,WOA,28,4.682987242432546e-08
F16,WOA,29,4.6744571546852853e-08
F16,SCA,0,3.0148607556679252e-05
F16,SCA,1,8.290718092651694e-05
F16,SCA,2,3.118020754233619e-05
F16,SCA,3,4.04748223825635e-05
F16,SCA,4,3.904038421742584e-05
F16,SCA,5,2.2543804211183627e-05
F16,SCA,6,6.095392851568349e-06
F16,SCA,7,1.981725663524614e-05
F16,SCA,8,0.00011658590321150797
F16,SCA,9,0.00015339081336951388
F16,SCA,10,1.3968171097111792e-05
F16,SCA,11,8.524186957004076e-05
F16,SCA,12,3.5947901606547816e-05
F16,SCA,13,8.702453355269313e-06
F16,SCA,14,0.00022555775135035816
F16,SCA,15,6.242694247937663e-05
F16,SCA,16,3.4557346681785006e-05
F16,SCA,17,5.7996100859325495e-05
F16,SCA,18,1.4046193311134658e-05
F16,SCA,19,4.591502666873026e-05
F16,SCA,20,7.084403845913911e-05
F16,SCA,21,3.678985121235989e-05
F16,SCA,22,8.183741001044353e-05
F16,SCA,23,5.5620441992143554e-06
F16,SCA,24,8.85388482507743e-05
F16,SCA,25,0.0001678641326487984
F16,SCA,26,9.858035837417845e-06
F16,SCA,27,2.770929546147549e-05
F16,SCA,28,1.360078669687681e-07
F16,SCA,29,0.00018399947189262633
F16,DE,0,4.651012219802908e-08
F16,DE,1,4.651012219802908e-08
F16,DE,2,4.651012219802908e-08
F16,DE,3,4.651012219802908e-08
F16,DE,4,4.651012219802908e-08
F16,DE,5,4.651012219802908e-08
F16,DE,6,4.651012219802908e-08
F16,DE,7,4.651012219802908e-08
F16,DE,8,4.651012219802908e-08
F16,DE,9,4.651012219802908e-08
F16,DE,10,4.651012219802908e-08
F16,DE,11,4.651012219802908e-08
F16,DE,12,4.651012219802908e-08
F16,DE,13,4.651012219802908e-08
F16,DE,14,4.651012219802908e-08
F16,DE,15,4.651012219802908e-08
F16,DE,16,4.651012219802908e-08
F16,DE,17,4.651012219802908e-08
F16,DE,18,4.651012219802908e-08
F16,DE,19,4.651012219802908e-08
F16,DE,20,4.651012219802908e-08
F16,DE,21,4.651012219802908e-08
F16,DE,22,4.651012219802908e-08
F16,DE,23,4.651012219802908e-08
F16,DE,24,4.651012219802908e-08
F16,DE,25,4.651012219802908e-08
F16,DE,26,4.651012219802908e-08
F16,DE,27,4.651012219802908e-08
F16,DE,28,4.651012219802908e-08
F16,DE,29,4.651012219802908e-08
F16,DRTO-open,0,4.6510122420073685e-08
F16,DRTO-open,1,4.6510122420073685e-08
F16,DRTO-open,2,4.6510122420073685e-08
F16,DRTO-open,3,4.6510122420073685e-08
F16,DRTO-open,4,4.6510122420073685e-08
F16,DRTO-open,5,4.6510122420073685e-08
F16,DRTO-open,6,4.6510122420073685e-08
F16,DRTO-open,7,4.6510122420073685e-08
F16,DRTO-open,8,4.6510122420073685e-08
F16,DRTO-open,9,4.6510122420073685e-08
F16,DRTO-open,10,4.651012264211829e-08
F16,DRTO-open,11,4.6510122420073685e-08
F16,DRTO-open,12,4.6510122420073685e-08
F16,DRTO-open,13,4.6510122420073685e-08
F16,DRTO-open,14,4.6510122420073685e-08
F16,DRTO-open,15,4.651012264211829e-08
F16,DRTO-open,16,4.6510122420073685e-08
F16,DRTO-open,17,4.6510122420073685e-08
F16,DRTO-open,18,4.6510122420073685e-08
F16,DRTO-open,19,4.6510122420073685e-08
F16,DRTO-open,20,4.6510122420073685e-08
F16,DRTO-open,21,4.6510122420073685e-08
F16,DRTO-open,22,4.6510122420073685e-08
F16,DRTO-open,23,4.6510122420073685e-08
F16,DRTO-open,24,4.651012264211829e-08
F16,DRTO-open,25,4.6510122420073685e-08
F16,DRTO-open,26,4.651012264211829e-08
F16,DRTO-open,27,4.651012264211829e-08
F16,DRTO-open,28,4.651012264211829e-08
F16,DRTO-open,29,4.6510122420073685e-08
F17,PSO,0,3.5772973816516895e-07
F17,PSO,1,3.5772973816516895e-07
F17,PSO,2,3.5772973816516895e-07
F17,PSO,3,3.5772973816516895e-07
F17,PSO,4,3.5772973816516895e-07
F17,PSO,5,3.5772973816516895e-07
F17,PSO,6,3.5772973816516895e-07
F17,PSO,7,3.5772973816516895e-07
F17,PSO,8,3.5772973816516895e-07
F17,PSO,9,3.5772973816516895e-07
F17,PSO,10,3.5772973816516895e-07
F17,PSO,11,3.5772973816516895e-07
F17,PSO,12,3.5772973816516895e-07
F17,PSO,13,3.5772973816516895e-07
F17,PSO,14,3.5772973816516895e-07
F17,PSO,15,3.5772973816516895e-07
F17,PSO,16,3.5772973816516895e-07
F17,PSO,17,3.5772973816516895e-07
F17,PSO,18,3.5772973816516895e-07
F17,PSO,19,3.5772973816516895e-07
F17,PSO,20,3.5772973816516895e-07
F17,PSO,21,3.5772973816516895e-07
F17,PSO,22,3.5772973816516895e-07
F17,PSO,23,3.5772973816516895e-07
F17,PSO,24,3.5772973816516895e-07
F17,PSO,25,3.5772973816516895e-07
F17,PSO,26,3.5772973816516895e-07
F17,PSO,27,3.5772973816516895e-07
F17,PSO,28,3.5772973816516895e-07
F17,PSO,29,3.5772973816516895e-07
F17,DRTO,0,3.5772973816516895e-07
F17,DRTO,1,3.5772973816516895e-07
F17,DRTO,2,3.5772973816516895e-07
F17,DRTO,3,3.5772973816516895e-07
F17,DRTO,4,3.5772973816516895e-07
F17,DRTO,5,3.5772973816516895e-07
F17,DRTO,6,3.5772973816516895e-07
F17,DRTO,7,3.5772973816516895e-07
F17,DRTO,8,3.5772973816516895e-07
F17,DRTO,9,3.5772973816516895e-07
F17,DRTO,10,3.5772973816516895e-07
F17,DRTO,11,3.5772973816516895e-07
F17,DRTO,12,3.5772973816516895e-07
F17,DRTO,13,3.5772973816516895e-07
F17,DRTO,14,3.5772973816516895e-07
F17,DRTO,15,3.5772973816516895e-07
F17,DRTO,16,3.5772973816516895e-07
F17,DRTO,17,3.5772973816516895e-07
F17,DRTO,18,3.5772973816516895e-07
F17,DRTO,19,3.5772973816516895e-07
F17,DRTO,20,3.5772973816516895e-07
F17,DRTO,21,3.5772973816516895e-07
F17,DRTO,22,3.5772973816516895e-07
F17,DRTO,23,3.5772973816516895e-07
F17,DRTO,24,3.5772973816516895e-07
F17,DRTO,25,3.5772973816516895e-07
F17,DRTO,26,3.5772973816516895e-07
F17,DRTO,27,3.5772973816516895e-07
F17,DRTO,28,3.5772973816516895e-07
F17,DRTO,29,3.5772973816516895e-07
F17,GA,0,3.593225280651424e-07
F17,GA,1,3.581107986816434e-07
F17,GA,2,3.6344849874137e-07
F17,GA,3,3.661938831056588e-07
F17,GA,4,3.5850363466760626e-07
F17,GA,5,3.582397319901176e-07
F17,GA,6,3.593478873353817e-07
F17,GA,7,3.5916854634887585e-07
F17,GA,8,3.669508260584209e-07
F17,GA,9,4.1414453810784124e-07
F17,GA,10,3.583734401457761e-07
F17,GA,11,3.612121667329049e-07
F17,GA,12,3.5803225706398933e-07
F17,GA,13,3.578521096114784e-07
F17,GA,14,3.579409079135232e-07
F17,GA,15,3.665946647357643e-07
F17,GA,16,3.589061624564849e-07
F17,GA,17,3.584940636569556e-07
F17,GA,18,3.5778580531609094e-07
F17,GA,19,3.5779234763833045e-07
F17,GA,20,3.5776487805616597e-07
F17,GA,21,3.578113297875163e-07
F17,GA,22,3.586201672289846e-07
F17,GA,23,3.6137544412451206e-07
F17,GA,24,3.6003165149178784e-07
F17,GA,25,3.5869163894641787e-07
F17,GA,26,3.577483064232112e-07
F17,GA,27,3.651218766220765e-07
F17,GA,28,3.5776539497600623e-07
F17,GA,29,3.5826420663465086e-07
F17,GWO,0,8.926392344177358e-07
F17,GWO,1,4.426182184102956e-07
F17,GWO,2,8.533061163218392e-07
F17,GWO,3,1.22206571873118e-06
F17,GWO,4,4.104187060205433e-07
F17,GWO,5,3.8039644756349134e-07
F17,GWO,6,0.0005153023055733952
F17,GWO,7,6.051638646864532e-07
F17,GWO,8,1.0449000463763625e-06
F17,GWO,9,1.6815395910141362e-06
F17,GWO,10,1.2362469491433714e-06
F17,GWO,11,1.4891445915266033e-06
F17,GWO,12,6.122574934819269e-07
F17,GWO,13,1.1035426340511023e-06
F17,GWO,14,1.5442469124549163e-06
F17,GWO,15,1.764234796364228e-06
F17,GWO,16,4.249378918741442e-07
F17,GWO,17,2.1514688669510562e-06
F17,GWO,18,5.634184202518711e-07
F17,GWO,19,1.0808296523334704e-06
F17,GWO,20,4.1877874934481696e-07
F17,GWO,21,0.0030575725238087825
F17,GWO,22,8.075085567993412e-07
F17,GWO,23,8.283529976393922e-07
F17,GWO,24,6.893386260697909e-07
F17,GWO,25,9.704443763025594e-07
F17,GWO,26,1.2708226496682684e-06
F17,GWO,27,0.0016570628481965555
F17,GWO,28,4.498456317447719e-07
F17,GWO,29,1.3347417081588375e-06
F17,WOA,0,8.418237904872505e-06
F17,WOA,1,0.0004770687800456086
F17,WOA,2,3.7799527141668676e-07
F17,WOA,3,9.185134648315163e-06
F17,WOA,4,4.030901863738556e-06
F17,WOA,5,3.5821263899560307e-07
F17,WOA,6,3.577530404141882e-07
F17,WOA,7,3.5779057128149105e-07
F17,WOA,8,1.238222802946165e-05
F17,WOA,9,4.4263560183832595e-07
F17,WOA,10,1.1788147264435445e-05
F17,WOA,11,3.620815743898831e-07
F17,WOA,12,3.5808562415251544e-07
F17,WOA,13,3.6422839932992446e-07
F17,WOA,14,3.296853766765473e-06
F17,WOA,15,5.8240711638957166e-06
F17,WOA,16,3.583891662328753e-07
F17,WOA,17,8.531645442344526e-07
F17,WOA,18,3.5773655937543225e-07
F17,WOA,19,3.57940710737914e-07
F17,WOA,20,0.00024187144303666752
F17,WOA,21,1.2460922291235299e-05
F17,WOA,22,6.982774348851528e-06
F17,WOA,23,0.00030816322127591445
F17,WOA,24,3.6220449650681275e-07
F17,WOA,25,1.503573380357004e-06
F17,WOA,26,2.009678798031711e-05
F17,WOA,27,0.00011669584936313537
F17,WOA,28,0.003078230527015502
F17,WOA,29,3.577345876193405e-07
F17,SCA,0,0.00820272706437819
F17,SCA,1,0.00021051350234635446
F17,SCA,2,0.0026646322687601254
F17,SCA,3,0.004914420399775632
F17,SCA,4,0.00047210704192834907
F17,SCA,5,0.0027475834797251464
F17,SCA,6,0.003766396323762744
F17,SCA,7,0.000247398695379597
F17,SCA,8,0.00010114378958803183
F17,SCA,9,8.224616014795849e-06
F17,SCA,10,0.005863429498405348
F17,SCA,11,0.0008567639265341098
F17,SCA,12,0.002069131875249819
F17,SCA,13,0.0006564647189141182
F17,SCA,14,0.00412691248871766
F17,SCA,15,0.0003061294249143698
F17,SCA,16,0.0002459170416323486
F17,SCA,17,0.0014055035838119734
F17,SCA,18,0.0012708906164203837
F17,SCA,19,0.002971604171830289
F17,SCA,20,0.002102355804592615
F17,SCA,21,0.002465623927759064
F17,SCA,22,0.0015867207427778807
F17,SCA,23,0.001777132482943311
F17,SCA,24,0.0016124308266175502
F17,SCA,25,0.0007699973205309574
F17,SCA,26,0.005500083891290752
F17,SCA,27,0.0010155803595360835
F17,SCA,28,0.0012750001342379802
F17,SCA,29,0.002667159562641852
F17,DRTO-open,0,3.5772973816516895e-07
F17,DRTO-open,1,3.5772973816516895e-07
F17,DRTO-open,2,3.5772973816516895e-07
F17,DRTO-open,3,3.5772973816516895e-07
F17,DRTO-open,4,3.5772973816516895e-07
F17,DRTO-open,5,3.5772973816516895e-07
F17,DRTO-open,6,3.5772973816516895e-07
F17,DRTO-open,7,3.5772973816516895e-07
F17,DRTO-open,8,3.5772973816516895e-07
F17,DRTO-open,9,3.5772973816516895e-07
F17,DRTO-open,10,3.5772973816516895e-07
F17,DRTO-open,11,3.5772973816516895e-07
F17,DRTO-open,12,3.5772973816516895e-07
F17,DRTO-open,13,3.5772973816516895e-07
F17,DRTO-open,14,3.5772973816516895e-07
F17,DRTO-open,15,3.5772973816516895e-07
F17,DRTO-open,16,3.5772973816516895e-07
F17,DRTO-open,17,3.5772973816516895e-07
F17,DRTO-open,18,3.5772973816516895e-07
F17,DRTO-open,19,3.5772973816516895e-07
F17,DRTO-open,20,3.5772973816516895e-07
F17,DRTO-open,21,3.5772973816516895e-07
F17,DRTO-open,22,3.5772973816516895e-07
F17,DRTO-open,23,3.5772973816516895e-07
F17,DRTO-open,24,3.5772973816516895e-07
F17,DRTO-open,25,3.5772973816516895e-07
F17,DRTO-open,26,3.5772973816516895e-07
F17,DRTO-open,27,3.5772973816516895e-07
F17,DRTO-open,28,3.5772973816516895e-07
F17,DRTO-open,29,3.5772973816516895e-07
F17,DE,0,3.5772973816516895e-07
F17,DE,1,3.5772973816516895e-07
F17,DE,2,3.5772973816516895e-07
F17,DE,3,3.5772973816516895e-07
F17,DE,4,3.5772973816516895e-07
F17,DE,5,3.5772973816516895e-07
F17,DE,6,3.5772973816516895e-07
F17,DE,7,3.5772973816516895e-07
F17,DE,8,3.5772973816516895e-07
F17,DE,9,3.5772973816516895e-07
F17,DE,10,3.5772973816516895e-07
F17,DE,11,3.5772973816516895e-07
F17,DE,12,3.5772973816516895e-07
F17,DE,13,3.5772973816516895e-07
F17,DE,14,3.5772973816516895e-07
F17,DE,15,3.5772973816516895e-07
F17,DE,16,3.5772973816516895e-07
F17,DE,17,3.5772973816516895e-07
F17,DE,18,3.5772973816516895e-07
F17,DE,19,3.5772973816516895e-07
F17,DE,20,3.5772973816516895e-07
F17,DE,21,3.5772973816516895e-07
F17,DE,22,3.5772973816516895e-07
F17,DE,23,3.5772973816516895e-07
F17,DE,24,3.5772973816516895e-07
F17,DE,25,3.5772973816516895e-07
F17,DE,26,3.5772973816516895e-07
F17,DE,27,3.5772973816516895e-07
F17,DE,28,3.5772973816516895e-07
F17,DE,29,3.5772973816516895e-07
F18,PSO,0,-7.682743330406083e-14
F18,PSO,1,-7.771561172376096e-14
F18,PSO,2,-7.771561172376096e-14
F18,PSO,3,-7.682743330406083e-14
F18,PSO,4,-7.460698725481052e-14
F18,PSO,5,-7.505107646466058e-14
F18,PSO,6,-7.815970093361102e-14
F18,PSO,7,-7.549516567451064e-14
F18,PSO,8,-7.815970093361102e-14
F18,PSO,9,-7.771561172376096e-14
F18,PSO,10,-7.549516567451064e-14
F18,PSO,11,-7.815970093361102e-14
F18,PSO,12,-7.638334409421077e-14
F18,PSO,13,-7.771561172376096e-14
F18,PSO,14,-7.416289804496046e-14
F18,PSO,15,-7.549516567451064e-14
F18,PSO,16,-7.771561172376096e-14
F18,PSO,17,-7.549516567451064e-14
F18,PSO,18,-7.549516567451064e-14
F18,PSO,19,-7.771561172376096e-14
F18,PSO,20,-7.682743330406083e-14
F18,PSO,21,-7.771561172376096e-14
F18,PSO,22,-7.771561172376096e-14
F18,PSO,23,-7.815970093361102e-14
F18,PSO,24,-7.771561172376096e-14
F18,PSO,25,-7.771561172376096e-14
F18,PSO,26,-7.505107646466058e-14
F18,PSO,27,-7.105427357601002e-14
F18,PSO,28,-7.815970093361102e-14
F18,PSO,29,-7.815970093361102e-14
F18,DRTO,0,-6.750155989720952e-14
F18,DRTO,1,-5.10702591327572e-14
F18,DRTO,2,9.459100169806334e-14
F18,DRTO,3,0.0
F18,DRTO,4,-3.241851231905457e-14
F18,DRTO,5,1.7763568394002505e-14
F18,DRTO,6,-2.220446049250313e-14
F18,DRTO,7,8.171241461241152e-14
F18,DRTO,8,7.815970093361102e-14
F18,DRTO,9,1.0658141036401503e-14
F18,DRTO,10,-2.7977620220553945e-14
F18,DRTO,11,-1.7763568394002505e-15
F18,DRTO,12,-4.75175454539567e-14
F18,DRTO,13,-1.0658141036401503e-14
F18,DRTO,14,-2.0872192862952943e-14
F18,DRTO,15,-2.4424906541753444e-14
F18,DRTO,16,-2.6645352591003757e-15
F18,DRTO,17,2.2648549702353193e-14
F18,DRTO,18,4.529709940470639e-14
F18,DRTO,19,0.0
F18,DRTO,20,-4.218847493575595e-14
F18,DRTO,21,-2.220446049250313e-15
F18,DRTO,22,1.199040866595169e-14
F18,DRTO,23,-2.708944180085382e-14
F18,DRTO,24,4.440892098500626e-14
F18,DRTO,25,-3.5083047578154947e-14
F18,DRTO,26,1.3322676295501878e-14
F18,DRTO,27,-2.1316282072803006e-14
F18,DRTO,28,3.197442310920451e-14
F18,DRTO,29,-3.1530333899354446e-14
F18,GA,0,1.4962884264946297e-09
F18,GA,1,3.561056374223881e-07
F18,GA,2,8.116871175189999e-09
F18,GA,3,5.651464629607972e-09
F18,GA,4,4.0603875817168955e-10
F18,GA,5,1.3420375921668892e-12
F18,GA,6,1.504290780829365e-08
F18,GA,7,9.078089391323374e-10
F18,GA,8,1.2902561685734781e-08
F18,GA,9,3.186770403118544e-08
F18,GA,10,4.790416063826797e-08
F18,GA,11,2.405945798145126e-08
F18,GA,12,4.580889267913335e-08
F18,GA,13,1.7976571342614989e-09
F18,GA,14,1.504628421855614e-08
F18,GA,15,1.5795064367551959e-07
F18,GA,16,2.4217869043496876e-08
F18,GA,17,6.1546954199798165e-09
F18,GA,18,1.31620803145438e-08
F18,GA,19,1.3460418513133732e-07
F18,GA,20,4.3901405177848574e-08
F18,GA,21,2.8438447152723256e-09
F18,GA,22,1.0461802979477852e-08
F18,GA,23,5.8365413835304025e-08
F18,GA,24,9.58812984563906e-09
F18,GA,25,9.431702974183054e-09
F18,GA,26,8.118443695082078e-09
F18,GA,27,7.435725901672186e-08
F18,GA,28,1.2231335944079547e-08
F18,GA,29,8.089806824429502e-08
F18,GWO,0,6.528659208093757e-05
F18,GWO,1,5.526177063908122e-05
F18,GWO,2,5.9384347474988886e-06
F18,GWO,3,6.15756935937739e-05
F18,GWO,4,1.1794552385868684e-05
F18,GWO,5,1.3205010890526836e-05
F18,GWO,6,1.6026473752095427e-05
F18,GWO,7,6.842764512571264e-05
F18,GWO,8,5.0185046474915396e-05
F18,GWO,9,2.1272481732115267e-05
F18,GWO,10,1.102479256775979e-06
F18,GWO,11,1.79203194505817e-08
F18,GWO,12,1.4155873996557489e-05
F18,GWO,13,2.698513567178651e-05
F18,GWO,14,0.00014180308960209942
F18,GWO,15,4.616321808770252e-05
F18,GWO,16,4.869176469579628e-06
F18,GWO,17,1.5745429227109753e-06
F18,GWO,18,1.7600206385637307e-06
F18,GWO,19,1.6075863613629338e-05
F18,GWO,20,4.012476718440183e-06
F18,GWO,21,3.970056015623058e-05
F18,GWO,22,1.7683574604632213e-08
F18,GWO,23,9.981250714830026e-08
F18,GWO,24,1.555216303428253e-05
F18,GWO,25,6.144186937451224e-06
F18,GWO,26,1.953603823601213e-06
F18,GWO,27,1.666689370072305e-05
F18,GWO,28,1.9953443687992234e-05
F18,GWO,29,7.539295131309132e-06
F18,WOA,0,1.991079681973318e-05
F18,WOA,1,1.9449815717997865e-06
F18,WOA,2,29.585193417717697
F18,WOA,3,8.953317203630462e-06
F18,WOA,4,2.128153710989622e-05
F18,WOA,5,3.2789996064597204e-05
F18,WOA,6,1.3417119744119077e-06
F18,WOA,7,4.092600306648819e-06
F18,WOA,8,8.689277267492912e-06
F18,WOA,9,2.035089428531478e-06
F18,WOA,10,4.882670722405891e-06
F18,WOA,11,27.115758109569125
F18,WOA,12,2.8315482996976726e-05
F18,WOA,13,2.0853014928157165e-06
F18,WOA,14,1.324732457064215e-08
F18,WOA,15,0.00015402889505056194
F18,WOA,16,1.168715641153284e-05
F18,WOA,17,1.456660433429846e-05
F18,WOA,18,4.222807709730603e-06
F18,WOA,19,3.294996425617924e-05
F18,WOA,20,8.233992585982008e-06
F18,WOA,21,3.7007340969452684e-07
F18,WOA,22,4.702299705261481e-05
F18,WOA,23,1.9660437811097609e-07
F18,WOA,24,1.6005252070350195e-06
F18,WOA,25,3.452243625989837e-05
F18,WOA,26,30.275518882066585
F18,WOA,27,27.012883327489835
F18,WOA,28,1.3743645450592368e-05
F18,WOA,29,27.020106406683787
F18,SCA,0,5.3237771143521684e-05
F18,SCA,1,0.00016604349747506575
F18,SCA,2,4.218243841380698e-05
F18,SCA,3,8.170267645102314e-06
F18,SCA,4,5.3548717700024895e-05
F18,SCA,5,2.85641927946223e-05
F18,SCA,6,0.00019136585878731793
F18,SCA,7,0.00026225436412108394
F18,SCA,8,4.133254378624329e-05
F18,SCA,9,5.81761105014067e-05
F18,SCA,10,8.946769201045868e-07
F18,SCA,11,5.015409917596969e-06
F18,SCA,12,1.6240956942858986e-05
F18,SCA,13,0.0001811801152373782
F18,SCA,14,1.3744451248243195e-05
F18,SCA,15,3.231023846694825e-06
F18,SCA,16,2.0246579093274875e-05
F18,SCA,17,0.0001879089810779
F18,SCA,18,1.5448743124757414e-06
F18,SCA,19,9.625521903000589e-05
F18,SCA,20,2.433329528539474e-06
F18,SCA,21,0.00035614162622588097
F18,SCA,22,4.267798584134397e-05
F18,SCA,23,5.033311129531981e-05
F18,SCA,24,3.529501171772864e-06
F18,SCA,25,7.841825038701344e-05
F18,SCA,26,6.594494141420881e-05
F18,SCA,27,8.056564879632688e-05
F18,SCA,28,3.3007196496015467e-06
F18,SCA,29,2.009433534233551e-06
F18,DE,0,-7.815970093361102e-14
F18,DE,1,-7.815970093361102e-14
F18,DE,2,-7.815970093361102e-14
F18,DE,3,-7.815970093361102e-14
F18,DE,4,-7.815970093361102e-14
F18,DE,5,-7.815970093361102e-14
F18,DE,6,-8.08242361927114e-14
F18,DE,7,-8.08242361927114e-14
F18,DE,8,-7.815970093361102e-14
F18,DE,9,-7.815970093361102e-14
F18,DE,10,-7.815970093361102e-14
F18,DE,11,-7.815970093361102e-14
F18,DE,12,-7.815970093361102e-14
F18,DE,13,-7.815970093361102e-14
F18,DE,14,-8.08242361927114e-14
F18,DE,15,-7.815970093361102e-14
F18,DE,16,-7.815970093361102e-14
F18,DE,17,-8.08242361927114e-14
F18,DE,18,-7.815970093361102e-14
F18,DE,19,-7.815970093361102e-14
F18,DE,20,-7.815970093361102e-14
F18,DE,21,-7.815970093361102e-14
F18,DE,22,-8.08242361927114e-14
F18,DE,23,-7.815970093361102e-14
F18,DE,24,-7.815970093361102e-14
F18,DE,25,-8.08242361927114e-14
F18,DE,26,-7.815970093361102e-14
F18,DE,27,-7.815970093361102e-14
F18,DE,28,-7.815970093361102e-14
F18,DE,29,-7.815970093361102e-14
F18,DRTO-open,0,-7.460698725481052e-14
F18,DRTO-open,1,-7.460698725481052e-14
F18,DRTO-open,2,-7.416289804496046e-14
F18,DRTO-open,3,-7.638334409421077e-14
F18,DRTO-open,4,-7.149836278586008e-14
F18,DRTO-open,5,-6.838973831690964e-14
F18,DRTO-open,6,-7.682743330406083e-14
F18,DRTO-open,7,-7.815970093361102e-14
F18,DRTO-open,8,-7.283063041541027e-14
F18,DRTO-open,9,-7.283063041541027e-14
F18,DRTO-open,10,-7.061018436615996e-14
F18,DRTO-open,11,-7.460698725481052e-14
F18,DRTO-open,12,-7.327471962526033e-14
F18,DRTO-open,13,-7.194245199571014e-14
F18,DRTO-open,14,-7.327471962526033e-14
F18,DRTO-open,15,-7.416289804496046e-14
F18,DRTO-open,16,-7.016609515630989e-14
F18,DRTO-open,17,-7.505107646466058e-14
F18,DRTO-open,18,-7.283063041541027e-14
F18,DRTO-open,19,-7.460698725481052e-14
F18,DRTO-open,20,-7.416289804496046e-14
F18,DRTO-open,21,-7.238654120556021e-14
F18,DRTO-open,22,-7.505107646466058e-14
F18,DRTO-open,23,-6.838973831690964e-14
F18,DRTO-open,24,-7.149836278586008e-14
F18,DRTO-open,25,-7.061018436615996e-14
F18,DRTO-open,26,-6.394884621840902e-14
F18,DRTO-open,27,-7.416289804496046e-14
F18,DRTO-open,28,-7.061018436615996e-14
F18,DRTO-open,29,-6.616929226765933e-14
F19,PSO,0,-2.147820755915575e-06
F19,PSO,1,-2.147820755915575e-06
F19,PSO,2,-2.1478207554714857e-06
F19,PSO,3,-2.147820755915575e-06
F19,PSO,4,-2.1478207554714857e-06
F19,PSO,5,-2.147820755915575e-06
F19,PSO,6,-2.1478207554714857e-06
F19,PSO,7,-2.147820755915575e-06
F19,PSO,8,-2.147820755915575e-06
F19,PSO,9,-2.1478207554714857e-06
F19,PSO,10,-2.147820755915575e-06
F19,PSO,11,-2.147820755915575e-06
F19,PSO,12,-2.147820755915575e-06
F19,PSO,13,-2.147820755915575e-06
F19,PSO,14,-2.147820755915575e-06
F19,PSO,15,-2.147820755915575e-06
F19,PSO,16,-2.147820755915575e-06
F19,PSO,17,-2.147820755915575e-06
F19,PSO,18,-2.1478207554714857e-06
F19,PSO,19,-2.147820755915575e-06
F19,PSO,20,-2.147820755915575e-06
F19,PSO,21,-2.147820755915575e-06
F19,PSO,22,-2.147820755915575e-06
F19,PSO,23,-2.1478207554714857e-06
F19,PSO,24,-2.147820755915575e-06
F19,PSO,25,-2.147820755915575e-06
F19,PSO,26,-2.147820755915575e-06
F19,PSO,27,-2.147820755915575e-06
F19,PSO,28,-2.1478207554714857e-06
F19,PSO,29,-2.1478207554714857e-06
F19,DRTO,0,-2.1478207554714857e-06
F19,DRTO,1,-2.1478207545833072e-06
F19,DRTO,2,-2.1478207550273964e-06
F19,DRTO,3,-2.1478207554714857e-06
F19,DRTO,4,-2.1478207550273964e-06
F19,DRTO,5,-2.147820755915575e-06
F19,DRTO,6,-2.1478207550273964e-06
F19,DRTO,7,-2.1478207550273964e-06
F19,DRTO,8,-2.1478207554714857e-06
F19,DRTO,9,-2.1478207550273964e-06
F19,DRTO,10,-2.1478207550273964e-06
F19,DRTO,11,-2.1478207550273964e-06
F19,DRTO,12,-2.1478207550273964e-06
F19,DRTO,13,-2.1478207550273964e-06
F19,DRTO,14,-2.1478207550273964e-06
F19,DRTO,15,-2.147820755915575e-06
F19,DRTO,16,-2.1478207554714857e-06
F19,DRTO,17,-2.1478207550273964e-06
F19,DRTO,18,-2.1478207550273964e-06
F19,DRTO,19,-2.1478207554714857e-06
F19,DRTO,20,-2.1478207550273964e-06
F19,DRTO,21,-2.1478207550273964e-06
F19,DRTO,22,-2.1478207550273964e-06
F19,DRTO,23,-2.1478207550273964e-06
F19,DRTO,24,-2.1478207550273964e-06
F19,DRTO,25,-2.1478207550273964e-06
F19,DRTO,26,-2.1478207550273964e-06
F19,DRTO,27,-2.1478207554714857e-06
F19,DRTO,28,-2.1478207550273964e-06
F19,DRTO,29,-2.1478207550273964e-06
F19,GA,0,-2.1477960121529804e-06
F19,GA,1,-2.147819060827061e-06
F19,GA,2,-2.1477859055707427e-06
F19,GA,3,-2.1478171952082903e-06
F19,GA,4,-2.147815546305054e-06
F19,GA,5,-2.147820009401613e-06
F19,GA,6,-2.147819484044078e-06
F19,GA,7,-2.147813977781965e-06
F19,GA,8,-2.1474496327833492e-06
F19,GA,9,-2.147777268035611e-06
F19,GA,10,-2.1477656462209893e-06
F19,GA,11,-2.1478117613327186e-06
F19,GA,12,-2.1477928484614495e-06
F19,GA,13,-2.1477836806838013e-06
F19,GA,14,-2.1476852727353446e-06
F19,GA,15,-2.1477203948627732e-06
F19,GA,16,-2.1476862439584465e-06
F19,GA,17,-2.14753030070014e-06
F19,GA,18,-2.1477802314429084e-06
F19,GA,19,-2.147541391384067e-06
F19,GA,20,-2.1478144356379403e-06
F19,GA,21,-2.1478085105997025e-06
F19,GA,22,-2.147814615049981e-06
F19,GA,23,-2.147813652264574e-06
F19,GA,24,-2.1476144507204253e-06
F19,GA,25,-2.1477977343309362e-06
F19,GA,26,-2.1478101461802623e-06
F19,GA,27,-2.147630345117335e-06
F19,GA,28,-2.147198335133993e-06
F19,GA,29,-2.1475093614498064e-06
F19,GWO,0,3.6320494300134953e-05
F19,GWO,1,0.0004240770429095875
F19,GWO,2,0.00019113056475550394
F19,GWO,3,7.502559762340155e-06
F19,GWO,4,0.003289872877972666
F19,GWO,5,0.003396061780425619
F19,GWO,6,0.00016838606394919964
F19,GWO,7,0.0030815231676584176
F19,GWO,8,7.18794586251903e-05
F19,GWO,9,0.0004408512021742972
F19,GWO,10,0.00018403679798772998
F19,GWO,11,1.1578144833990223e-06
F19,GWO,12,-1.5999886677775521e-06
F19,GWO,13,-1.7353367649519669e-06
F19,GWO,14,1.78300259312536e-05
F19,GWO,15,0.0031275957178578118
F19,GWO,16,3.083751044297145e-06
F19,GWO,17,2.643740606833589e-05
F19,GWO,18,0.007472055157440316
F19,GWO,19,7.609555352949826e-06
F19,GWO,20,0.00024136019397413833
F19,GWO,21,2.2271693936648518e-05
F19,GWO,22,1.4395337700534583e-05
F19,GWO,23,0.0008425601053376752
F19,GWO,24,0.0001894377300040162
F19,GWO,25,2.3231925094790995e-07
F19,GWO,26,6.984401738563406e-05
F19,GWO,27,2.8524336339152967e-05
F19,GWO,28,5.713327752498998e-05
F19,GWO,29,4.277287120091344e-05
F19,WOA,0,0.11411561248204549
F19,WOA,1,0.00010987012203234059
F19,WOA,2,0.26374680460245337
F19,WOA,3,0.13830798935198718
F19,WOA,4,0.0006491819710379154
F19,WOA,5,0.04752629663106411
F19,WOA,6,0.009460662517605911
F19,WOA,7,0.02405110914085995
F19,WOA,8,0.0012628382698460783
F19,WOA,9,0.00022577501076215256
F19,WOA,10,0.09575835328956561
F19,WOA,11,0.07392760067718607
F19,WOA,12,0.002849038036398799
F19,WOA,13,0.01302485838158951
F19,WOA,14,0.03800138772375572
F19,WOA,15,2.146242570688628e-05
F19,WOA,16,0.14526264903069963
F19,WOA,17,0.03247940602467869
F19,WOA,18,0.004106755830588504
F19,WOA,19,-1.961924816384908e-06
F19,WOA,20,0.13457123401352344
F19,WOA,21,0.0033720732477826587
F19,WOA,22,0.016547731168905067
F19,WOA,23,2.88552621618976e-06
F19,WOA,24,0.0857911669441691
F19,WOA,25,0.007879399331104153
F19,WOA,26,0.034536827872377884
F19,WOA,27,0.10445481093355946
F19,WOA,28,0.0630657060641191
F19,WOA,29,0.23726012623294102
F19,SCA,0,0.003265663508042582
F19,SCA,1,0.008448253792794347
F19,SCA,2,0.008762141604584883
F19,SCA,3,0.002063710602913993
F19,SCA,4,0.011231724299664236
F19,SCA,5,0.00838998811392866
F19,SCA,6,0.00044420465953143307
F19,SCA,7,0.008764046946859061
F19,SCA,8,0.007924405468102247
F19,SCA,9,0.008627621359941884
F19,SCA,10,0.0008115866982372211
F19,SCA,11,0.009481576229354971
F19,SCA,12,0.010997012721999155
F19,SCA,13,0.0076792391342732635
F19,SCA,14,0.009695401397451509
F19,SCA,15,0.0022389209100506235
F19,SCA,16,0.007689292402805581
F19,SCA,17,0.010490643144386524
F19,SCA,18,0.007992886329698301
F19,SCA,19,0.0004084029588051763
F19,SCA,20,0.010556545660809213
F19,SCA,21,0.010538575804209138
F19,SCA,22,0.011954757698593887
F19,SCA,23,0.008276221762827607
F19,SCA,24,0.007882836830545692
F19,SCA,25,0.009299135888993781
F19,SCA,26,0.009228668868292988
F19,SCA,27,0.008251678531224549
F19,SCA,28,0.007928516192877488
F19,SCA,29,0.007939715397903946
F19,DE,0,-2.147820755915575e-06
F19,DE,1,-2.147820755915575e-06
F19,DE,2,-2.147820755915575e-06
F19,DE,3,-2.147820755915575e-06
F19,DE,4,-2.147820755915575e-06
F19,DE,5,-2.147820755915575e-06
F19,DE,6,-2.147820755915575e-06
F19,DE,7,-2.147820755915575e-06
F19,DE,8,-2.147820755915575e-06
F19,DE,9,-2.147820755915575e-06
F19,DE,10,-2.147820755915575e-06
F19,DE,11,-2.147820755915575e-06
F19,DE,12,-2.147820755915575e-06
F19,DE,13,-2.147820755915575e-06
F19,DE,14,-2.147820755915575e-06
F19,DE,15,-2.147820755915575e-06
F19,DE,16,-2.147820755915575e-06
F19,DE,17,-2.147820755915575e-06
F19,DE,18,-2.147820755915575e-06
F19,DE,19,-2.147820755915575e-06
F19,DE,20,-2.147820755915575e-06
F19,DE,21,-2.147820755915575e-06
F19,DE,22,-2.147820755915575e-06
F19,DE,23,-2.147820755915575e-06
F19,DE,24,-2.147820755915575e-06
F19,DE,25,-2.147820755915575e-06
F19,DE,26,-2.147820755915575e-06
F19,DE,27,-2.147820755915575e-06
F19,DE,28,-2.147820755915575e-06
F19,DE,29,-2.147820755915575e-06
F19,DRTO-open,0,-2.147820755915575e-06
F19,DRTO-open,1,-2.147820755915575e-06
F19,DRTO-open,2,-2.1478207554714857e-06
F19,DRTO-open,3,-2.1478207554714857e-06
F19,DRTO-open,4,-2.1478207554714857e-06
F19,DRTO-open,5,-2.1478207554714857e-06
F19,DRTO-open,6,-2.1478207554714857e-06
F19,DRTO-open,7,-2.1478207554714857e-06
F19,DRTO-open,8,-2.1478207554714857e-06
F19,DRTO-open,9,-2.1478207554714857e-06
F19,DRTO-open,10,-2.1478207554714857e-06
F19,DRTO-open,11,-2.1478207554714857e-06
F19,DRTO-open,12,-2.147820755915575e-06
F19,DRTO-open,13,-2.1478207554714857e-06
F19,DRTO-open,14,-2.1478207554714857e-06
F19,DRTO-open,15,-2.147820755915575e-06
F19,DRTO-open,16,-2.1478207554714857e-06
F19,DRTO-open,17,-2.1478207554714857e-06
F19,DRTO-open,18,-2.1478207554714857e-06
F19,DRTO-open,19,-2.1478207554714857e-06
F19,DRTO-open,20,-2.1478207554714857e-06
F19,DRTO-open,21,-2.1478207554714857e-06
F19,DRTO-open,22,-2.147820755915575e-06
F19,DRTO-open,23,-2.1478207554714857e-06
F19,DRTO-open,24,-2.147820755915575e-06
F19,DRTO-open,25,-2.1478207554714857e-06
F19,DRTO-open,26,-2.147820755915575e-06
F19,DRTO-open,27,-2.1478207554714857e-06
F19,DRTO-open,28,-2.1478207554714857e-06
F19,DRTO-open,29,-2.1478207554714857e-06
F20,PSO,0,0.23805705533288712
F20,PSO,1,0.11889794973567192
F20,PSO,2,0.11889794973567192
F20,PSO,3,4.828415757440752e-06
F20,PSO,4,4.828415757440752e-06
F20,PSO,5,4.828415757440752e-06
F20,PSO,6,0.11889794973567192
F20,PSO,7,0.11889794973567192
F20,PSO,8,4.828415757440752e-06
F20,PSO,9,4.828415757440752e-06
F20,PSO,10,0.18435827408473004
F20,PSO,11,4.828415757440752e-06
F20,PSO,12,4.828415757440752e-06
F20,PSO,13,4.828415757440752e-06
F20,PSO,14,0.11889794973567192
F20,PSO,15,0.11889794973567192
F20,PSO,16,4.828415757440752e-06
F20,PSO,17,4.828415757440752e-06
F20,PSO,18,4.828415757440752e-06
F20,PSO,19,4.828415757440752e-06
F20,PSO,20,4.828415757440752e-06
F20,PSO,21,4.828415757440752e-06
F20,PSO,22,4.828415757440752e-06
F20,PSO,23,4.828415757440752e-06
F20,PSO,24,0.11889794973567192
F20,PSO,25,4.828415757440752e-06
F20,PSO,26,4.828415757440752e-06
F20,PSO,27,4.828415757440752e-06
F20,PSO,28,4.828415757440752e-06
F20,PSO,29,0.18435827408473004
F20,GA,0,0.11889795696007521
F20,GA,1,0.11889795132719794
F20,GA,2,0.11889795901224565
F20,GA,3,4.8352067838486334e-06
F20,GA,4,4.832958107048313e-06
F20,GA,5,4.828586333882612e-06
F20,GA,6,0.11889795081972654
F20,GA,7,0.11889795138234938
F20,GA,8,4.91185498185942e-06
F20,GA,9,0.1188979512907431
F20,GA,10,0.11889796282168819
F20,GA,11,4.834102030226717e-06
F20,GA,12,4.832409641775115e-06
F20,GA,13,4.867759336057986e-06
F20,GA,14,4.829383832838374e-06
F20,GA,15,0.1188979530060097
F20,GA,16,4.8331419972846845e-06
F20,GA,17,4.83312802224134e-06
F20,GA,18,4.866887788335106e-06
F20,GA,19,4.839233120002007e-06
F20,GA,20,4.850533291911319e-06
F20,GA,21,4.833308155038907e-06
F20,GA,22,4.835468260466769e-06
F20,GA,23,4.838026520292971e-06
F20,GA,24,0.11889795018044769
F20,GA,25,4.828673481505064e-06
F20,GA,26,4.8292566590113495e-06
F20,GA,27,4.842300240337494e-06
F20,GA,28,0.11889795342091869
F20,GA,29,4.838626257441803e-06
F20,DRTO,0,0.11889794973567192
F20,DRTO,1,0.11889794973567192
F20,DRTO,2,0.11889794973567192
F20,DRTO,3,4.828415757440752e-06
F20,DRTO,4,4.828415759661198e-06
F20,DRTO,5,4.828415760105287e-06
F20,DRTO,6,4.828415757440752e-06
F20,DRTO,7,0.11889834127210452
F20,DRTO,8,4.828415757440752e-06
F20,DRTO,9,4.828415757440752e-06
F20,DRTO,10,4.828415757440752e-06
F20,DRTO,11,4.828415759217108e-06
F20,DRTO,12,4.828415759661198e-06
F20,DRTO,13,4.828415757440752e-06
F20,DRTO,14,4.890078230346262e-06
F20,DRTO,15,0.11889794973567192
F20,DRTO,16,4.8284160851785884e-06
F20,DRTO,17,4.828415759217108e-06
F20,DRTO,18,4.828415757440752e-06
F20,DRTO,19,4.828415757440752e-06
F20,DRTO,20,4.828415757440752e-06
F20,DRTO,21,4.828415760993465e-06
F20,DRTO,22,4.828415757440752e-06
F20,DRTO,23,4.828415757440752e-06
F20,DRTO,24,0.11889794973567192
F20,DRTO,25,4.828415757440752e-06
F20,DRTO,26,4.828415757440752e-06
F20,DRTO,27,0.006780099926995131
F20,DRTO,28,4.828415757440752e-06
F20,DRTO,29,4.828415760549376e-06
F20,GWO,0,0.12485644414002728
F20,GWO,1,0.18443812509780466
F20,GWO,2,0.11966082748079243
F20,GWO,3,1.9558430624400103e-05
F20,GWO,4,2.0979381450292323e-05
F20,GWO,5,1.7547141337281857e-05
F20,GWO,6,0.1843587996513345
F20,GWO,7,0.11907126347379382
F20,GWO,8,1.0389862842075104e-05
F20,GWO,9,6.413067337174283e-06
F20,GWO,10,0.11946849421186645
F20,GWO,11,8.329134554951878e-06
F20,GWO,12,1.2022525146537788e-05
F20,GWO,13,1.1230365445147328e-05
F20,GWO,14,4.598274627598542e-05
F20,GWO,15,0.12410488255791252
F20,GWO,16,1.0381153959126976e-05
F20,GWO,17,8.905856150320801e-06
F20,GWO,18,2.4267125857235783e-05
F20,GWO,19,8.747516779372688e-06
F20,GWO,20,7.940463912614604e-06
F20,GWO,21,1.1341770837169918e-05
F20,GWO,22,8.531456447524732e-06
F20,GWO,23,7.263231511789314e-06
F20,GWO,24,0.18034046966201034
F20,GWO,25,1.0847037723138442e-05
F20,GWO,26,0.15916788267928705
F20,GWO,27,0.12482872198459294
F20,GWO,28,1.2514784912820431e-05
F20,GWO,29,1.539082295787253e-05
F20,WOA,0,0.31533371402876886
F20,WOA,1,0.2542606589029863
F20,WOA,2,0.1717431910890168
F20,WOA,3,0.43874946487118516
F20,WOA,4,0.11968450398152752
F20,WOA,5,0.22940820650411675
F20,WOA,6,0.20787826440501345
F20,WOA,7,1.3115826355495708
F20,WOA,8,0.35254852867388164
F20,WOA,9,0.9173496845158788
F20,WOA,10,0.2407981256038565
F20,WOA,11,0.2848154686974307
F20,WOA,12,0.3922661121853408
F20,WOA,13,0.3598366349859887
F20,WOA,14,0.32992436209445497
F20,WOA,15,0.3285488135466519
F20,WOA,16,0.11734109992249842
F20,WOA,17,0.6102226522849539
F20,WOA,18,0.15439001292176524
F20,WOA,19,0.2703142240930605
F20,WOA,20,0.048940890809888504
F20,WOA,21,0.2776944682556759
F20,WOA,22,0.30170320364621794
F20,WOA,23,0.19980958842546404
F20,WOA,24,0.35323428186979067
F20,WOA,25,0.23598418922790776
F20,WOA,26,0.26048276812978166
F20,WOA,27,0.2793860210331589
F20,WOA,28,0.15197735579092742
F20,WOA,29,0.3201518576503801
F20,SCA,0,0.21705577313127833
F20,SCA,1,0.23776175925625775
F20,SCA,2,0.2541253841574944
F20,SCA,3,0.3346723577361299
F20,SCA,4,0.32568709696906684
F20,SCA,5,1.4169365526526896
F20,SCA,6,0.20439250461737357
F20,SCA,7,0.3213534236236395
F20,SCA,8,1.4054288343653727
F20,SCA,9,0.31734225498754
F20,SCA,10,0.2679774380077249
F20,SCA,11,1.6614122791501655
F20,SCA,12,0.7379977930020689
F20,SCA,13,0.1980131697228158
F20,SCA,14,0.27081346118826843
F20,SCA,15,0.17843191366602618
F20,SCA,16,0.2073642078595861
F20,SCA,17,0.3088590315017625
F20,SCA,18,0.3116457362887628
F20,SCA,19,0.2343602053161815
F20,SCA,20,0.22431963415394618
F20,SCA,21,0.3334389834928486
F20,SCA,22,0.19988662357497944
F20,SCA,23,0.34025755678578884
F20,SCA,24,0.32169985530159373
F20,SCA,25,0.7400814326824121
F20,SCA,26,0.31623867031857866
F20,SCA,27,0.3291200339193061
F20,SCA,28,0.28270998736606323
F20,SCA,29,0.3148020930766484
F20,DE,0,0.11889794973567192
F20,DE,1,0.11889794973567192
F20,DE,2,0.11889794973567192
F20,DE,3,0.11889794973567192
F20,DE,4,4.828415757440752e-06
F20,DE,5,0.11889794973567192
F20,DE,6,4.828415757440752e-06
F20,DE,7,0.11889794973567192
F20,DE,8,0.11889794973567192
F20,DE,9,0.11889794973567192
F20,DE,10,0.12020448554782659
F20,DE,11,4.828415757440752e-06
F20,DE,12,0.11889794973567192
F20,DE,13,0.11889794973567192
F20,DE,14,0.0014501393042194444
F20,DE,15,0.11889794973567192
F20,DE,16,0.11889794973567192
F20,DE,17,0.11889794973567192
F20,DE,18,4.828415757440752e-06
F20,DE,19,0.11889794973567192
F20,DE,20,0.11889794973567192
F20,DE,21,4.828415757440752e-06
F20,DE,22,0.11889794973567192
F20,DE,23,4.828415757440752e-06
F20,DE,24,0.11889794973567192
F20,DE,25,4.828415757440752e-06
F20,DE,26,0.11889794973567192
F20,DE,27,4.828415757440752e-06
F20,DE,28,4.828415757440752e-06
F20,DE,29,0.11889794973567192
F20,DRTO-open,0,4.828415757440752e-06
F20,DRTO-open,1,0.11889794973567192
F20,DRTO-open,2,4.828415757884841e-06
F20,DRTO-open,3,4.828415757884841e-06
F20,DRTO-open,4,4.828415757884841e-06
F20,DRTO-open,5,4.828415757884841e-06
F20,DRTO-open,6,0.11889794973567192
F20,DRTO-open,7,0.11889794973567192
F20,DRTO-open,8,4.828415757884841e-06
F20,DRTO-open,9,0.11889794973567192
F20,DRTO-open,10,4.828415757884841e-06
F20,DRTO-open,11,4.828415757440752e-06
F20,DRTO-open,12,4.828415757884841e-06
F20,DRTO-open,13,4.828415757884841e-06
F20,DRTO-open,14,4.828415757884841e-06
F20,DRTO-open,15,4.828415757884841e-06
F20,DRTO-open,16,4.828415757884841e-06
F20,DRTO-open,17,4.828415757884841e-06
F20,DRTO-open,18,4.828415757884841e-06
F20,DRTO-open,19,4.828415757884841e-06
F20,DRTO-open,20,4.828415757884841e-06
F20,DRTO-open,21,4.828415757884841e-06
F20,DRTO-open,22,4.828415757884841e-06
F20,DRTO-open,23,4.828415757884841e-06
F20,DRTO-open,24,4.828415757440752e-06
F20,DRTO-open,25,4.828415757440752e-06
F20,DRTO-open,26,4.828415757884841e-06
F20,DRTO-open,27,4.828415757884841e-06
F20,DRTO-open,28,4.828415757884841e-06
F20,DRTO-open,29,4.828415757884841e-06
F21,PSO,0,7.522728331589106
F21,PSO,1,7.522728331589105
F21,PSO,2,3.2094177093711096e-07
F21,PSO,3,3.2094177093711096e-07
F21,PSO,4,5.098002271067132
F21,PSO,5,7.47033960430686
F21,PSO,6,5.052427859668012
F21,PSO,7,3.2094177093711096e-07
F21,PSO,8,3.209417691607541e-07
F21,PSO,9,3.2094177093711096e-07
F21,PSO,10,7.47033960430686
F21,PSO,11,7.522728331589106
F21,PSO,12,7.470339604306861
F21,PSO,13,7.470339604306861
F21,PSO,14,3.2094177093711096e-07
F21,PSO,15,7.522728331589106
F21,PSO,16,5.052427859668011
F21,PSO,17,7.47033960430686
F21,PSO,18,7.522728331589106
F21,PSO,19,5.052427859668012
F21,PSO,20,3.2094177093711096e-07
F21,PSO,21,7.47033960430686
F21,PSO,22,3.2094177093711096e-07
F21,PSO,23,7.47033960430686
F21,PSO,24,7.47033960430686
F21,PSO,25,3.2094177093711096e-07
F21,PSO,26,7.522728331589106
F21,PSO,27,7.522728331589105
F21,PSO,28,5.098002271067132
F21,PSO,29,3.2094177093711096e-07
F21,DRTO,0,3.2094177093711096e-07
F21,DRTO,1,3.209417691607541e-07
F21,DRTO,2,3.209417691607541e-07
F21,DRTO,3,3.209417691607541e-07
F21,DRTO,4,3.209417691607541e-07
F21,DRTO,5,3.2094177093711096e-07
F21,DRTO,6,3.209417691607541e-07
F21,DRTO,7,3.209417691607541e-07
F21,DRTO,8,3.209417691607541e-07
F21,DRTO,9,3.209417691607541e-07
F21,DRTO,10,3.209417691607541e-07
F21,DRTO,11,3.209417691607541e-07
F21,DRTO,12,3.209417691607541e-07
F21,DRTO,13,7.47033960430686
F21,DRTO,14,3.209417691607541e-07
F21,DRTO,15,3.209417691607541e-07
F21,DRTO,16,3.209417691607541e-07
F21,DRTO,17,3.2094177093711096e-07
F21,DRTO,18,3.209417691607541e-07
F21,DRTO,19,3.209417691607541e-07
F21,DRTO,20,3.209417691607541e-07
F21,DRTO,21,3.209417691607541e-07
F21,DRTO,22,3.209417691607541e-07
F21,DRTO,23,3.2094177093711096e-07
F21,DRTO,24,3.2094177093711096e-07
F21,DRTO,25,3.209417691607541e-07
F21,DRTO,26,3.209417691607541e-07
F21,DRTO,27,3.209417691607541e-07
F21,DRTO,28,3.209417691607541e-07
F21,DRTO,29,3.209417691607541e-07
F21,GA,0,7.522728334937895
F21,GA,1,7.522728333404083
F21,GA,2,4.40433941761853e-07
F21,GA,3,7.917984241601062e-07
F21,GA,4,5.098002273339327
F21,GA,5,7.470339606516052
F21,GA,6,5.052427868663688
F21,GA,7,3.7779059525178127e-07
F21,GA,8,7.522728333961297
F21,GA,9,3.962182208994136e-07
F21,GA,10,7.470339625665426
F21,GA,11,7.470339623975574
F21,GA,12,3.329930002848869e-07
F21,GA,13,7.4703396055924
F21,GA,14,5.098002298762441
F21,GA,15,5.052427871466307
F21,GA,16,5.052427860015026
F21,GA,17,7.4703396177609696
F21,GA,18,7.52272833416451
F21,GA,19,5.098002272872864
F21,GA,20,5.098002390447991
F21,GA,21,5.052428101938559
F21,GA,22,3.5794970187907893e-07
F21,GA,23,7.47033960455725
F21,GA,24,5.052427897606754
F21,GA,25,7.5227283457591545
F21,GA,26,7.522728338411014
F21,GA,27,7.522728357180651
F21,GA,28,5.098002327091459
F21,GA,29,1.0626974553673563e-06
F21,GWO,0,0.00025417994369547614
F21,GWO,1,0.0019119029514236274
F21,GWO,2,0.0002769425992603658
F21,GWO,3,0.0005917189943946966
F21,GWO,4,0.0008170353470688951
F21,GWO,5,0.0011768196250603324
F21,GWO,6,5.053834808036009
F21,GWO,7,0.0008774121771253363
F21,GWO,8,0.000874952849100552
F21,GWO,9,0.0005894887145299066
F21,GWO,10,5.052781408133152
F21,GWO,11,0.0004272289602447188
F21,GWO,12,0.001271591971308439
F21,GWO,13,5.053434747295021
F21,GWO,14,0.0008707576584150445
F21,GWO,15,0.0013851661220858347
F21,GWO,16,0.0002354692820354387
F21,GWO,17,0.0004958380855324407
F21,GWO,18,7.522790138618472
F21,GWO,19,5.098012731013206
F21,GWO,20,0.0006555714368676746
F21,GWO,21,0.0003776174896827911
F21,GWO,22,0.0007028603402829958
F21,GWO,23,0.0007176634700165607
F21,GWO,24,5.05292896135451
F21,GWO,25,0.00022876439266994453
F21,GWO,26,0.0001446303348533462
F21,GWO,27,0.000768160787819383
F21,GWO,28,0.0004420572943946155
F21,GWO,29,0.0006844656623616885
F21,WOA,0,1.802358026286143
F21,WOA,1,0.11939565965566068
F21,WOA,2,0.007262386908090335
F21,WOA,3,0.2607192463870529
F21,WOA,4,5.455056134006267
F21,WOA,5,5.624954924557033
F21,WOA,6,0.02306351377043292
F21,WOA,7,0.4214919101039527
F21,WOA,8,0.05753233828738935
F21,WOA,9,0.016050365207650685
F21,WOA,10,5.7644023866619865
F21,WOA,11,0.19316519828385204
F21,WOA,12,0.41301927206178135
F21,WOA,13,5.6453176516456
F21,WOA,14,0.22690819283913477
F21,WOA,15,0.3759507014269037
F21,WOA,16,0.17635902137762471
F21,WOA,17,5.424708407625553
F21,WOA,18,5.86277208124042
F21,WOA,19,7.321603148547948
F21,WOA,20,0.21364925782186184
F21,WOA,21,0.28873109059521873
F21,WOA,22,0.12740750622784702
F21,WOA,23,0.008182157854477623
F21,WOA,24,6.995171621148003
F21,WOA,25,1.024844083638655
F21,WOA,26,5.384102513339947
F21,WOA,27,5.676027640840335
F21,WOA,28,5.486761615737209
F21,WOA,29,0.07137702627500886
F21,SCA,0,5.476485643388466
F21,SCA,1,7.654770169376974
F21,SCA,2,5.3744682649468185
F21,SCA,3,9.271558154188451
F21,SCA,4,5.238111058236079
F21,SCA,5,5.442367106102834
F21,SCA,6,5.3843962086108155
F21,SCA,7,9.273841730463891
F21,SCA,8,5.392460365190313
F21,SCA,9,5.4387287290535715
F21,SCA,10,5.368279828539777
F21,SCA,11,9.273066692330065
F21,SCA,12,9.27313426466778
F21,SCA,13,9.273540535290806
F21,SCA,14,5.7468575714732
F21,SCA,15,7.757564119716275
F21,SCA,16,9.27231700411999
F21,SCA,17,5.361617647022773
F21,SCA,18,6.980830000630471
F21,SCA,19,5.391309334252784
F21,SCA,20,9.278282077138591
F21,SCA,21,6.277282302265135
F21,SCA,22,5.902256169949668
F21,SCA,23,9.27237045014948
F21,SCA,24,9.273033172865038
F21,SCA,25,5.25802200665776
F21,SCA,26,5.536108102174993
F21,SCA,27,9.273662863702652
F21,SCA,28,5.84256177758879
F21,SCA,29,5.151937647304979
F21,DE,0,3.209417691607541e-07
F21,DE,1,3.209417691607541e-07
F21,DE,2,3.209417691607541e-07
F21,DE,3,3.209417691607541e-07
F21,DE,4,3.209417691607541e-07
F21,DE,5,3.209417691607541e-07
F21,DE,6,3.209417691607541e-07
F21,DE,7,3.209417691607541e-07
F21,DE,8,3.209417691607541e-07
F21,DE,9,3.209417691607541e-07
F21,DE,10,3.209417691607541e-07
F21,DE,11,3.209417691607541e-07
F21,DE,12,3.209417691607541e-07
F21,DE,13,3.209417691607541e-07
F21,DE,14,3.209417691607541e-07
F21,DE,15,3.209417691607541e-07
F21,DE,16,3.209417691607541e-07
F21,DE,17,3.209417691607541e-07
F21,DE,18,3.209417691607541e-07
F21,DE,19,3.209417691607541e-07
F21,DE,20,3.209417691607541e-07
F21,DE,21,3.209417691607541e-07
F21,DE,22,3.209417691607541e-07
F21,DE,23,3.209417691607541e-07
F21,DE,24,3.209417691607541e-07
F21,DE,25,3.209417691607541e-07
F21,DE,26,3.209417691607541e-07
F21,DE,27,3.209417691607541e-07
F21,DE,28,3.209417691607541e-07
F21,DE,29,3.209417691607541e-07
F21,DRTO-open,0,7.4703396043068615
F21,DRTO-open,1,3.2094177448982464e-07
F21,DRTO-open,2,3.2094177448982464e-07
F21,DRTO-open,3,3.2094178337160884e-07
F21,DRTO-open,4,3.2094177448982464e-07
F21,DRTO-open,5,3.2094177448982464e-07
F21,DRTO-open,6,7.470339604306861
F21,DRTO-open,7,3.2094177448982464e-07
F21,DRTO-open,8,3.209417780425383e-07
F21,DRTO-open,9,3.209417727134678e-07
F21,DRTO-open,10,3.209417780425383e-07
F21,DRTO-open,11,3.209417780425383e-07
F21,DRTO-open,12,3.2094177448982464e-07
F21,DRTO-open,13,3.2094177448982464e-07
F21,DRTO-open,14,3.2094178337160884e-07
F21,DRTO-open,15,3.209417780425383e-07
F21,DRTO-open,16,3.209417780425383e-07
F21,DRTO-open,17,3.209417762661815e-07
F21,DRTO-open,18,3.209417780425383e-07
F21,DRTO-open,19,3.209417762661815e-07
F21,DRTO-open,20,3.2094177448982464e-07
F21,DRTO-open,21,3.209417762661815e-07
F21,DRTO-open,22,3.2094177448982464e-07
F21,DRTO-open,23,3.2094177448982464e-07
F21,DRTO-open,24,3.20941781595252e-07
F21,DRTO-open,25,3.209417780425383e-07
F21,DRTO-open,26,3.209417851479657e-07
F21,DRTO-open,27,3.20941781595252e-07
F21,DRTO-open,28,3.2094177981889516e-07
F21,DRTO-open,29,3.209417780425383e-07
F22,PSO,0,-4.056681866337897e-05
F22,PSO,1,-4.056681866337897e-05
F22,PSO,2,-4.056681866337897e-05
F22,PSO,3,5.274077203034545
F22,PSO,4,-4.056681866337897e-05
F22,PSO,5,7.6509664360987655
F22,PSO,6,7.637002672220973
F22,PSO,7,7.637002672220973
F22,PSO,8,-4.0566818665155324e-05
F22,PSO,9,5.274077203034545
F22,PSO,10,-4.056681866337897e-05
F22,PSO,11,-4.056681866337897e-05
F22,PSO,12,-4.056681866337897e-05
F22,PSO,13,-4.056681866337897e-05
F22,PSO,14,-4.056681866337897e-05
F22,PSO,15,5.31522817493971
F22,PSO,16,-4.056681866337897e-05
F22,PSO,17,7.637002672220973
F22,PSO,18,-4.056681866337897e-05
F22,PSO,19,7.650966436098765
F22,PSO,20,-4.056681866337897e-05
F22,PSO,21,5.315228174939711
F22,PSO,22,-4.056681866337897e-05
F22,PSO,23,-4.056681866337897e-05
F22,PSO,24,-4.056681866337897e-05
F22,PSO,25,-4.056681866337897e-05
F22,PSO,26,-4.056681866337897e-05
F22,PSO,27,-4.056681866337897e-05
F22,PSO,28,-4.056681866337897e-05
F22,PSO,29,-4.056681866337897e-05
F22,DRTO,0,-4.056681866337897e-05
F22,DRTO,1,-4.056681866337897e-05
F22,DRTO,2,-4.056681866337897e-05
F22,DRTO,3,-4.056681866337897e-05
F22,DRTO,4,-4.056681866337897e-05
F22,DRTO,5,-4.056681866337897e-05
F22,DRTO,6,-4.056681866337897e-05
F22,DRTO,7,-4.056681866337897e-05
F22,DRTO,8,-4.0566818665155324e-05
F22,DRTO,9,-4.056681866337897e-05
F22,DRTO,10,-4.056681866337897e-05
F22,DRTO,11,-4.056681866337897e-05
F22,DRTO,12,-4.056681866337897e-05
F22,DRTO,13,-4.056681866337897e-05
F22,DRTO,14,-4.056681866337897e-05
F22,DRTO,15,-4.056681866337897e-05
F22,DRTO,16,-4.0566818665155324e-05
F22,DRTO,17,-4.056681866337897e-05
F22,DRTO,18,-4.056681866337897e-05
F22,DRTO,19,-4.056681866337897e-05
F22,DRTO,20,-4.0566818665155324e-05
F22,DRTO,21,-4.056681866337897e-05
F22,DRTO,22,-4.056681866337897e-05
F22,DRTO,23,-4.056681866337897e-05
F22,DRTO,24,-4.0566818665155324e-05
F22,DRTO,25,-4.0566818665155324e-05
F22,DRTO,26,-4.0566818665155324e-05
F22,DRTO,27,-4.056681866337897e-05
F22,DRTO,28,-4.056681866337897e-05
F22,DRTO,29,-4.056681866337897e-05
F22,GA,0,7.637002676337449
F22,GA,1,5.3152282244243025
F22,GA,2,6.678599691305914
F22,GA,3,5.274077215500176
F22,GA,4,-4.055635403688029e-05
F22,GA,5,7.6509664364464545
F22,GA,6,7.637002672293848
F22,GA,7,-4.055865564822625e-05
F22,GA,8,6.678599671512581
F22,GA,9,5.274077203630875
F22,GA,10,-4.0254346608037395e-05
F22,GA,11,6.678599671328293
F22,GA,12,-4.034205227831933e-05
F22,GA,13,-4.054772613848456e-05
F22,GA,14,7.650966453712367
F22,GA,15,5.315228186692474
F22,GA,16,-4.0373848317898364e-05
F22,GA,17,-4.05507820868678e-05
F22,GA,18,-4.007004761774624e-05
F22,GA,19,7.637003881401313
F22,GA,20,-4.043081380977753e-05
F22,GA,21,5.315228178925188
F22,GA,22,7.637002676249146
F22,GA,23,6.678599653721079
F22,GA,24,8.565307044687543
F22,GA,25,5.274077203930916
F22,GA,26,7.650966439710351
F22,GA,27,-4.05192295218626e-05
F22,GA,28,7.637002736153773
F22,GA,29,6.678599656040202
F22,GWO,0,0.0007153439831046882
F22,GWO,1,0.0004504687102429017
F22,GWO,2,0.000786871485393803
F22,GWO,3,0.0002883734041088104
F22,GWO,4,0.0010252066674265592
F22,GWO,5,0.0009775459416214716
F22,GWO,6,0.0008194399643546291
F22,GWO,7,0.0006609288972345695
F22,GWO,8,0.0006491908965386983
F22,GWO,9,5.2752174060288874
F22,GWO,10,8.116411979841587e-05
F22,GWO,11,0.0004187419691970007
F22,GWO,12,0.00043769977422769557
F22,GWO,13,0.0002765115225127346
F22,GWO,14,0.0005748855863938473
F22,GWO,15,5.315236776086083
F22,GWO,16,0.00016150396898773067
F22,GWO,17,0.0005040091549357584
F22,GWO,18,0.0005597164194153237
F22,GWO,19,0.0004782436271000279
F22,GWO,20,0.0012663620794892694
F22,GWO,21,5.315244664787561
F22,GWO,22,0.0012355160373296314
F22,GWO,23,0.00016783822695742856
F22,GWO,24,0.00045300901738798416
F22,GWO,25,0.0015610981923153133
F22,GWO,26,6.1898337014199e-05
F22,GWO,27,0.001126824127966941
F22,GWO,28,7.84932050699183e-05
F22,GWO,29,0.00015763685853897869
F22,WOA,0,0.0033959772336711325
F22,WOA,1,1.90631786174003
F22,WOA,2,0.03759049527771907
F22,WOA,3,0.0561753417283164
F22,WOA,4,0.46078298466567347
F22,WOA,5,0.11494150645740753
F22,WOA,6,0.12343982094191475
F22,WOA,7,0.006442756080980772
F22,WOA,8,0.0036445196105123756
F22,WOA,9,6.436130297755932
F22,WOA,10,2.0513758934574717
F22,WOA,11,5.7469646426404495
F22,WOA,12,0.19857376905739343
F22,WOA,13,8.218942483474832
F22,WOA,14,0.3210502340818735
F22,WOA,15,0.15836487494125961
F22,WOA,16,5.801744237978852
F22,WOA,17,1.4711426347667338
F22,WOA,18,0.5078642974504994
F22,WOA,19,0.8986147551157444
F22,WOA,20,3.2045001679510055
F22,WOA,21,6.670870982380382
F22,WOA,22,6.81505367111244
F22,WOA,23,5.72452704446217
F22,WOA,24,5.541350429324822
F22,WOA,25,5.544408634128043
F22,WOA,26,0.3430134541711709
F22,WOA,27,0.04829681845795797
F22,WOA,28,5.5684413653872875
F22,WOA,29,0.2960753453145166
F22,SCA,0,6.024893016940265
F22,SCA,1,9.494956554773282
F22,SCA,2,6.057660078355985
F22,SCA,3,8.730905825929435
F22,SCA,4,6.398400323665829
F22,SCA,5,9.492989620216548
F22,SCA,6,4.762186386801713
F22,SCA,7,9.493525854308574
F22,SCA,8,6.398606374576251
F22,SCA,9,7.196894504909618
F22,SCA,10,5.820060881235132
F22,SCA,11,6.880110681156992
F22,SCA,12,7.034419221561395
F22,SCA,13,6.554711878348607
F22,SCA,14,9.49703074953015
F22,SCA,15,5.472053282822989
F22,SCA,16,5.700486569439027
F22,SCA,17,5.779495057982493
F22,SCA,18,9.49146634678077
F22,SCA,19,6.940595882822258
F22,SCA,20,6.349331992312779
F22,SCA,21,6.032571424676629
F22,SCA,22,5.349839232132286
F22,SCA,23,9.496411624950301
F22,SCA,24,9.494009941940087
F22,SCA,25,9.495337385441045
F22,SCA,26,7.7586754077339055
F22,SCA,27,7.928412048309831
F22,SCA,28,9.495143063055764
F22,SCA,29,5.722986184848624
F22,DE,0,-4.0566818665155324e-05
F22,DE,1,-4.0566818665155324e-05
F22,DE,2,-4.056681866337897e-05
F22,DE,3,-4.056681866337897e-05
F22,DE,4,-4.0566818665155324e-05
F22,DE,5,-4.056681866337897e-05
F22,DE,6,7.637002672220973
F22,DE,7,-4.056681866337897e-05
F22,DE,8,-4.056681866337897e-05
F22,DE,9,-4.0566818665155324e-05
F22,DE,10,-4.056681866337897e-05
F22,DE,11,-4.0566818665155324e-05
F22,DE,12,-4.056681866337897e-05
F22,DE,13,-4.0566818665155324e-05
F22,DE,14,6.678599653493
F22,DE,15,-4.0566818665155324e-05
F22,DE,16,-4.056681866337897e-05
F22,DE,17,-4.0566818665155324e-05
F22,DE,18,-4.0566818665155324e-05
F22,DE,19,-4.056681866337897e-05
F22,DE,20,-4.0566818665155324e-05
F22,DE,21,-4.0566818665155324e-05
F22,DE,22,-4.056681866337897e-05
F22,DE,23,-4.0566818665155324e-05
F22,DE,24,-4.0566818665155324e-05
F22,DE,25,-4.056681866337897e-05
F22,DE,26,-4.0566818665155324e-05
F22,DE,27,-4.056681866337897e-05
F22,DE,28,6.678599653493
F22,DE,29,-4.056681866337897e-05
F22,DRTO-open,0,-4.056681865627354e-05
F22,DRTO-open,1,-4.0566818659826254e-05
F22,DRTO-open,2,-4.056681865627354e-05
F22,DRTO-open,3,5.274077203034549
F22,DRTO-open,4,-4.056681865627354e-05
F22,DRTO-open,5,-4.056681865449718e-05
F22,DRTO-open,6,-4.0566818642062685e-05
F22,DRTO-open,7,-4.056681865627354e-05
F22,DRTO-open,8,-4.05668186580499e-05
F22,DRTO-open,9,-4.0566818652720826e-05
F22,DRTO-open,10,-4.0566818652720826e-05
F22,DRTO-open,11,-4.05668186456154e-05
F22,DRTO-open,12,-4.0566818659826254e-05
F22,DRTO-open,13,-4.05668186580499e-05
F22,DRTO-open,14,-4.05668186580499e-05
F22,DRTO-open,15,-4.056681865627354e-05
F22,DRTO-open,16,-4.0566818652720826e-05
F22,DRTO-open,17,-4.05668186456154e-05
F22,DRTO-open,18,-4.0566818659826254e-05
F22,DRTO-open,19,-4.056681865449718e-05
F22,DRTO-open,20,-4.056681865094447e-05
F22,DRTO-open,21,-4.05668186580499e-05
F22,DRTO-open,22,-4.0566818652720826e-05
F22,DRTO-open,23,-4.05668186580499e-05
F22,DRTO-open,24,-4.056681864028633e-05
F22,DRTO-open,25,-4.056681865627354e-05
F22,DRTO-open,26,-4.056681865627354e-05
F22,DRTO-open,27,-4.0566818659826254e-05
F22,DRTO-open,28,-4.056681865627354e-05
F22,DRTO-open,29,-4.0566818652720826e-05
F23,PSO,0,-9.816692045916398e-06
F23,PSO,1,-9.81669204414004e-06
F23,PSO,2,-9.816692045916398e-06
F23,PSO,3,5.360753258352117
F23,PSO,4,7.665257294769959
F23,PSO,5,-9.816692045916398e-06
F23,PSO,6,-9.816692045916398e-06
F23,PSO,7,7.7297692791994965
F23,PSO,8,-9.81669204414004e-06
F23,PSO,9,-9.816692045916398e-06
F23,PSO,10,-9.816692045916398e-06
F23,PSO,11,-9.81669204414004e-06
F23,PSO,12,-9.816692045916398e-06
F23,PSO,13,-9.81669204414004e-06
F23,PSO,14,-9.816692045916398e-06
F23,PSO,15,7.7297692791994965
F23,PSO,16,-9.816692045916398e-06
F23,PSO,17,-9.816692045916398e-06
F23,PSO,18,-9.81669204414004e-06
F23,PSO,19,-9.816692045916398e-06
F23,PSO,20,-9.816692045916398e-06
F23,PSO,21,-9.81669204414004e-06
F23,PSO,22,7.66525729476996
F23,PSO,23,-9.816692045916398e-06
F23,PSO,24,-9.816692045916398e-06
F23,PSO,25,-9.816692045916398e-06
F23,PSO,26,0.34912630556841506
F23,PSO,27,-9.816692045916398e-06
F23,PSO,28,7.66525729476996
F23,PSO,29,-9.81669204414004e-06
F23,DRTO,0,-9.816692045916398e-06
F23,DRTO,1,-9.816692045916398e-06
F23,DRTO,2,-9.816692045916398e-06
F23,DRTO,3,-9.816692045916398e-06
F23,DRTO,4,-9.816692045916398e-06
F23,DRTO,5,-9.816692045916398e-06
F23,DRTO,6,-9.816692045916398e-06
F23,DRTO,7,-9.816692045916398e-06
F23,DRTO,8,-9.816692045916398e-06
F23,DRTO,9,-9.816692045916398e-06
F23,DRTO,10,-9.816692045916398e-06
F23,DRTO,11,-9.816692045916398e-06
F23,DRTO,12,-9.816692045916398e-06
F23,DRTO,13,-9.816692045916398e-06
F23,DRTO,14,-9.816692045916398e-06
F23,DRTO,15,-9.816692045916398e-06
F23,DRTO,16,-9.816692045916398e-06
F23,DRTO,17,-9.816692045916398e-06
F23,DRTO,18,-9.816692045916398e-06
F23,DRTO,19,-9.816692045916398e-06
F23,DRTO,20,-9.816692045916398e-06
F23,DRTO,21,-9.816692045916398e-06
F23,DRTO,22,-9.816692045916398e-06
F23,DRTO,23,-9.816692045916398e-06
F23,DRTO,24,-9.816692045916398e-06
F23,DRTO,25,-9.816692045916398e-06
F23,DRTO,26,-9.816692045916398e-06
F23,DRTO,27,-9.816692045916398e-06
F23,DRTO,28,-9.816692045916398e-06
F23,DRTO,29,-9.816692045916398e-06
F23,GA,0,7.665257298490344
F23,GA,1,7.665257324133312
F23,GA,2,-9.518665484264943e-06
F23,GA,3,5.360753307428098
F23,GA,4,7.665257304362642
F23,GA,5,8.6769196988843
F23,GA,6,-9.79674898360372e-06
F23,GA,7,7.7297692891582965
F23,GA,8,6.700973225799432
F23,GA,9,-9.565240237208172e-06
F23,GA,10,8.114665974833272
F23,GA,11,6.700973197837587
F23,GA,12,6.700973205922441
F23,GA,13,7.665257296752239
F23,GA,14,7.729769316428827
F23,GA,15,8.67691970144787
F23,GA,16,7.6652572956141345
F23,GA,17,7.665257295079417
F23,GA,18,7.729769280258683
F23,GA,19,5.360753391906913
F23,GA,20,7.729769279355773
F23,GA,21,-9.77062388507477e-06
F23,GA,22,5.360753339927001
F23,GA,23,6.700973207791748
F23,GA,24,8.67691970054967
F23,GA,25,7.729769280583394
F23,GA,26,7.665257295774008
F23,GA,27,6.700973197289637
F23,GA,28,8.114665977291239
F23,GA,29,7.729769281479987
F23,GWO,0,0.001188569077330115
F23,GWO,1,0.0004076628972242702
F23,GWO,2,0.0004103540335247402
F23,GWO,3,5.361402142834077
F23,GWO,4,0.00048566813297412637
F23,GWO,5,0.00021619881274581587
F23,GWO,6,0.0005418916201307411
F23,GWO,7,0.00025179261486130144
F23,GWO,8,0.00022550909949714537
F23,GWO,9,0.0006634133575520451
F23,GWO,10,4.1503083901162086e-05
F23,GWO,11,0.00015844405346854273
F23,GWO,12,0.0008791803667609344
F23,GWO,13,0.0004803262811865494
F23,GWO,14,0.000729354527631898
F23,GWO,15,0.00038803729669112386
F23,GWO,16,0.0007327122532228003
F23,GWO,17,0.0003701067936336955
F23,GWO,18,0.0005340119994841075
F23,GWO,19,0.00023133007317532872
F23,GWO,20,8.114700542530125
F23,GWO,21,0.000619004567260717
F23,GWO,22,0.00043661520437687784
F23,GWO,23,0.0002683343768676849
F23,GWO,24,0.00023768156161985132
F23,GWO,25,0.0007602698430595467
F23,GWO,26,0.0007542908950846083
F23,GWO,27,0.0005665736061306603
F23,GWO,28,0.00033755481389619035
F23,GWO,29,0.00018611956190106582
F23,WOA,0,0.041254997084788414
F23,WOA,1,1.888663281179447
F23,WOA,2,5.639188825502873
F23,WOA,3,6.0330375126286855
F23,WOA,4,0.32212357059032115
F23,WOA,5,0.03751747942925121
F23,WOA,6,5.703535858875498
F23,WOA,7,0.10539083621752354
F23,WOA,8,6.185468491778818
F23,WOA,9,0.5805969718771582
F23,WOA,10,5.644161254730561
F23,WOA,11,0.01487745748831415
F23,WOA,12,0.04208629335183467
F23,WOA,13,0.19955761862946986
F23,WOA,14,0.7140491773366264
F23,WOA,15,0.0032352963664408207
F23,WOA,16,0.8640963848951593
F23,WOA,17,7.188363013590369
F23,WOA,18,0.5585683681325637
F23,WOA,19,0.249341184898217
F23,WOA,20,5.632132647317305
F23,WOA,21,0.00010970070545823774
F23,WOA,22,0.1085487351626071
F23,WOA,23,3.3603742798075755
F23,WOA,24,0.611934012944312
F23,WOA,25,7.789153393329364
F23,WOA,26,6.019057494533346
F23,WOA,27,5.909878864246989
F23,WOA,28,0.029384189107664938
F23,WOA,29,0.674456826390168
F23,SCA,0,9.59443792196845
F23,SCA,1,6.629558303530846
F23,SCA,2,5.8625602666673915
F23,SCA,3,2.328104877325851
F23,SCA,4,2.77459872794663
F23,SCA,5,5.782369619224414
F23,SCA,6,7.631750497281185
F23,SCA,7,5.949003556339943
F23,SCA,8,5.933073404818916
F23,SCA,9,6.606222513277088
F23,SCA,10,6.5870560616212215
F23,SCA,11,9.593171781311693
F23,SCA,12,6.2346331919364495
F23,SCA,13,6.715968249863956
F23,SCA,14,9.591222157417457
F23,SCA,15,9.593330196241167
F23,SCA,16,7.313176149909619
F23,SCA,17,5.807325302509266
F23,SCA,18,3.8962948013736263
F23,SCA,19,5.5330345427279495
F23,SCA,20,6.713294209517382
F23,SCA,21,7.239138582964885
F23,SCA,22,8.476150623524894
F23,SCA,23,5.567140125616044
F23,SCA,24,5.671618886229077
F23,SCA,25,7.3611443916164365
F23,SCA,26,9.59295724593199
F23,SCA,27,3.0139110734729364
F23,SCA,28,5.903472782452138
F23,SCA,29,5.5886347714755935
F23,DE,0,-9.816692045916398e-06
F23,DE,1,-9.816692045916398e-06
F23,DE,2,-9.816692045916398e-06
F23,DE,3,-9.816692045916398e-06
F23,DE,4,-9.816692045916398e-06
F23,DE,5,-9.816692045916398e-06
F23,DE,6,-9.816692045916398e-06
F23,DE,7,-9.816692045916398e-06
F23,DE,8,-9.816692045916398e-06
F23,DE,9,-9.816692045916398e-06
F23,DE,10,-9.816692045916398e-06
F23,DE,11,-9.816692045916398e-06
F23,DE,12,-9.816692045916398e-06
F23,DE,13,-9.816692045916398e-06
F23,DE,14,-9.816692045916398e-06
F23,DE,15,-9.816692045916398e-06
F23,DE,16,-9.816692045916398e-06
F23,DE,17,-9.816692045916398e-06
F23,DE,18,-9.816692045916398e-06
F23,DE,19,-9.816692045916398e-06
F23,DE,20,-9.816692045916398e-06
F23,DE,21,-9.816692045916398e-06
F23,DE,22,-9.816692045916398e-06
F23,DE,23,-9.816692045916398e-06
F23,DE,24,-9.816692045916398e-06
F23,DE,25,-9.816692045916398e-06
F23,DE,26,-9.816692045916398e-06
F23,DE,27,-9.816692045916398e-06
F23,DE,28,-9.816692045916398e-06
F23,DE,29,-9.816692045916398e-06
F23,DRTO-open,0,-9.816692031705543e-06
F23,DRTO-open,1,-9.816692037034613e-06
F23,DRTO-open,2,-9.816692037034613e-06
F23,DRTO-open,3,-9.816692042363684e-06
F23,DRTO-open,4,-9.816692040587327e-06
F23,DRTO-open,5,-9.816692031705543e-06
F23,DRTO-open,6,-9.816692037034613e-06
F23,DRTO-open,7,-9.816692035258257e-06
F23,DRTO-open,8,-9.816692031705543e-06
F23,DRTO-open,9,-9.81669203881097e-06
F23,DRTO-open,10,-9.816692035258257e-06
F23,DRTO-open,11,-9.816692040587327e-06
F23,DRTO-open,12,-9.81669203881097e-06
F23,DRTO-open,13,-9.816692037034613e-06
F23,DRTO-open,14,-9.816692037034613e-06
F23,DRTO-open,15,-9.816692042363684e-06
F23,DRTO-open,16,-9.816692040587327e-06
F23,DRTO-open,17,-9.8166920334819e-06
F23,DRTO-open,18,-9.81669203881097e-06
F23,DRTO-open,19,-9.816692035258257e-06
F23,DRTO-open,20,-9.816692037034613e-06
F23,DRTO-open,21,-9.816692035258257e-06
F23,DRTO-open,22,-9.81669203881097e-06
F23,DRTO-open,23,-9.816692035258257e-06
F23,DRTO-open,24,-9.81669203881097e-06
F23,DRTO-open,25,-9.816692037034613e-06
F23,DRTO-open,26,-9.816692042363684e-06
F23,DRTO-open,27,-9.816692035258257e-06
F23,DRTO-open,28,-9.8166920334819e-06
F23,DRTO-open,29,-9.816692024600115e-06
